Customer_id,Join_date,Gender,Age,predicted_LTV,no_history,LTV_segment
CUST00001,6/2/2023,Other,59,2151.061,0,Top
CUST00002,9/4/2023,Male,40,4933.8716,0,Top
CUST00003,4/2/2024,Male,21,2858.7407,0,Top
CUST00004,2/12/2023,Other,43,878.9279,0,Mid
CUST00005,9/17/2023,Female,35,2238.849,0,Top
CUST00006,10/30/2022,Male,30,3682.7515,0,Top
CUST00007,5/14/2023,Male,25,383.57224,0,Low
CUST00008,4/25/2024,Male,70,2385.7825,0,Top
CUST00009,7/23/2022,Other,47,640.0986,0,Mid
CUST00010,3/24/2023,Male,23,133.8766,0,Low
CUST00011,8/26/2022,Other,60,412.7022,0,Low
CUST00012,5/11/2022,Other,31,124.25477,0,Low
CUST00013,5/28/2022,Other,59,3447.2322,0,Top
CUST00014,4/21/2023,Male,58,2027.1671,0,Top
CUST00015,10/20/2023,Other,56,960.6775,0,Mid
CUST00016,6/18/2023,Female,19,3771.8164,0,Top
CUST00017,8/14/2023,Male,21,3562.6755,0,Top
CUST00018,6/15/2022,Male,68,1890.0992,0,High
CUST00019,6/21/2023,Male,39,121.7858,0,Low
CUST00020,5/14/2023,Male,33,2045.5214,0,Top
CUST00021,8/10/2023,Male,26,1977.0557,0,High
CUST00022,3/12/2023,Other,68,1321.5665,0,High
CUST00023,9/29/2023,Other,54,1498.3427,0,High
CUST00024,6/7/2022,Male,31,4757.994,0,Top
CUST00025,7/4/2023,Other,22,4323.874,0,Top
CUST00026,8/29/2023,Male,66,3872.6057,0,Top
CUST00027,7/21/2023,Other,53,2411.9897,0,Top
CUST00028,8/16/2022,Other,31,1139.2258,0,High
CUST00029,9/12/2022,Other,55,626.94745,0,Mid
CUST00030,5/10/2023,Other,31,387.54486,0,Low
CUST00031,11/19/2022,Female,70,862.969,0,Mid
CUST00032,10/9/2023,Male,32,5536.4673,0,Top
CUST00033,3/11/2024,Female,39,3974.246,0,Top
CUST00034,3/25/2023,Other,67,3205.489,0,Top
CUST00035,11/15/2023,Female,27,2519.0286,0,Top
CUST00036,3/14/2024,Male,68,798.3518,0,Mid
CUST00037,9/19/2022,Male,56,2792.9824,0,Top
CUST00038,11/24/2022,Other,18,142.78441,0,Low
CUST00039,11/14/2022,Female,35,2969.976,0,Top
CUST00040,10/14/2023,Female,27,1960.0698,0,High
CUST00041,1/12/2024,Female,26,3357.984,0,Top
CUST00042,10/27/2023,Male,52,4366.09,0,Top
CUST00043,8/22/2023,Male,34,4409.0825,0,Top
CUST00044,11/6/2023,Female,69,5517.4307,0,Top
CUST00045,10/16/2023,Male,29,2789.106,0,Top
CUST00046,1/26/2023,Male,25,4563.8047,0,Top
CUST00047,6/9/2022,Female,60,663.7224,0,Mid
CUST00048,4/22/2024,Male,19,1994.0051,0,High
CUST00049,4/20/2023,Female,26,3657.7256,0,Top
CUST00050,8/17/2023,Female,18,1989.2783,0,High
CUST00051,4/30/2022,Other,40,4324.3223,0,Top
CUST00052,11/6/2023,Female,68,4598.921,0,Top
CUST00053,12/3/2023,Male,68,3164.7969,0,Top
CUST00054,7/21/2023,Other,33,3036.0876,0,Top
CUST00055,2/24/2023,Female,55,1132.6412,0,High
CUST00056,10/14/2023,Other,38,2493.5435,0,Top
CUST00057,7/28/2023,Male,19,1981.4307,0,High
CUST00058,3/22/2024,Female,29,6415.052,0,Top
CUST00059,5/13/2022,Male,34,2719.2942,0,Top
CUST00060,11/17/2023,Other,21,3442.5454,0,Top
CUST00061,8/5/2022,Female,26,2233.577,0,Top
CUST00062,10/22/2023,Other,65,1292.6404,0,High
CUST00063,5/8/2022,Other,44,3127.8733,0,Top
CUST00064,4/8/2023,Female,51,1462.4265,0,High
CUST00065,12/8/2022,Other,25,350.5908,0,Low
CUST00066,5/1/2022,Male,65,859.0801,0,Mid
CUST00067,1/21/2024,Other,22,3220.4534,0,Top
CUST00068,7/31/2023,Male,48,1549.4026,0,High
CUST00069,1/4/2024,Male,46,1824.638,0,High
CUST00070,6/15/2023,Other,67,1253.7681,0,High
CUST00071,3/19/2024,Male,41,2796.8035,0,Top
CUST00072,5/24/2022,Female,50,2596.652,0,Top
CUST00073,5/8/2022,Male,55,1205.6182,0,High
CUST00074,11/10/2023,Male,24,3581.0217,0,Top
CUST00075,1/3/2024,Male,46,2314.281,0,Top
CUST00076,11/11/2023,Female,50,889.57623,0,Mid
CUST00077,10/15/2023,Female,32,1747.0809,0,High
CUST00078,4/23/2023,Female,57,407.70758,0,Low
CUST00079,4/17/2023,Other,20,3142.3333,0,Top
CUST00080,11/18/2022,Female,64,930.6104,0,Mid
CUST00081,2/6/2023,Male,68,3420.1785,0,Top
CUST00082,1/1/2023,Female,60,1363.5702,0,High
CUST00083,4/25/2024,Female,51,3081.3564,0,Top
CUST00084,9/7/2022,Male,37,2265.2993,0,Top
CUST00085,3/20/2023,Other,47,4600.0254,0,Top
CUST00086,4/30/2022,Female,59,2580.4292,0,Top
CUST00087,2/28/2024,Other,19,4762.782,0,Top
CUST00088,3/1/2023,Other,21,2050.822,0,Top
CUST00089,8/29/2022,Other,48,1872.6793,0,High
CUST00090,7/21/2023,Male,43,4351.745,0,Top
CUST00091,3/27/2023,Other,45,2163.6233,0,Top
CUST00092,2/9/2023,Other,61,499.31583,0,Low
CUST00093,8/5/2022,Male,24,1817.7178,0,High
CUST00094,6/7/2023,Other,49,3782.4368,0,Top
CUST00095,9/1/2022,Other,63,4288.482,0,Top
CUST00096,7/25/2022,Male,46,5332.538,0,Top
CUST00097,4/6/2024,Male,22,2336.9778,0,Top
CUST00098,6/1/2022,Female,23,3587.0752,0,Top
CUST00099,7/31/2023,Female,38,382.46472,0,Low
CUST00100,2/7/2024,Female,56,4847.687,0,Top
CUST00101,1/20/2023,Other,27,3856.9238,0,Top
CUST00102,12/31/2022,Other,22,3569.701,0,Top
CUST00103,11/10/2022,Other,26,254.91196,0,Low
CUST00104,1/25/2023,Male,35,4411.5386,0,Top
CUST00105,1/30/2024,Other,57,3396.8616,0,Top
CUST00106,9/1/2022,Female,58,311.3869,0,Low
CUST00107,12/19/2023,Male,55,696.6102,0,Mid
CUST00108,2/12/2024,Male,53,5604.408,0,Top
CUST00109,3/2/2024,Male,63,2158.0137,0,Top
CUST00110,12/24/2022,Female,38,1850.1484,0,High
CUST00111,4/25/2023,Female,42,3326.0886,0,Top
CUST00112,11/9/2023,Female,56,3294.54,0,Top
CUST00113,12/7/2022,Male,51,3073.5784,0,Top
CUST00114,8/1/2022,Male,36,860.37146,0,Mid
CUST00115,1/30/2023,Other,47,3633.412,0,Top
CUST00116,11/2/2022,Other,50,5440.4624,0,Top
CUST00117,8/27/2022,Female,56,5327.453,0,Top
CUST00118,12/14/2022,Male,45,3185.6301,0,Top
CUST00119,4/9/2023,Other,24,1555.4891,0,High
CUST00120,5/19/2023,Female,68,1769.0305,0,High
CUST00121,7/12/2022,Female,62,1413.8027,0,High
CUST00122,6/30/2023,Other,25,4824.147,0,Top
CUST00123,3/30/2024,Female,59,213.73947,0,Low
CUST00124,3/17/2024,Male,59,1229.0394,0,High
CUST00125,10/11/2022,Female,67,2839.5461,0,Top
CUST00126,12/13/2023,Male,53,4992.258,0,Top
CUST00127,3/31/2024,Male,64,810.76135,0,Mid
CUST00128,3/31/2024,Other,31,5414.648,0,Top
CUST00129,12/15/2022,Other,45,1239.5804,0,High
CUST00130,12/18/2022,Other,46,4561.8755,0,Top
CUST00131,7/23/2023,Female,32,1584.3015,0,High
CUST00132,8/16/2022,Other,44,2230.5598,0,Top
CUST00133,10/1/2023,Other,39,642.1756,0,Mid
CUST00134,1/30/2024,Female,70,131.95714,0,Low
CUST00135,3/28/2023,Other,47,1458.4955,0,High
CUST00136,2/18/2023,Female,43,3062.9888,0,Top
CUST00137,10/6/2023,Female,44,2467.5479,0,Top
CUST00138,1/23/2023,Male,64,1396.9648,0,High
CUST00139,8/13/2023,Male,24,3067.1555,0,Top
CUST00140,8/5/2022,Other,38,5042.3286,0,Top
CUST00141,5/26/2022,Female,45,4025.0461,0,Top
CUST00142,1/19/2023,Male,38,1737.048,0,High
CUST00143,4/6/2023,Male,60,2358.686,0,Top
CUST00144,12/19/2023,Male,34,2818.3928,0,Top
CUST00145,6/27/2023,Male,41,431.06018,0,Low
CUST00146,9/30/2023,Other,27,3601.9822,0,Top
CUST00147,3/4/2024,Male,61,5718.149,0,Top
CUST00148,5/7/2023,Other,48,5794.354,0,Top
CUST00149,5/18/2023,Female,22,4141.552,0,Top
CUST00150,3/25/2023,Other,23,1085.637,0,High
CUST00151,6/21/2023,Male,23,264.32968,0,Low
CUST00152,1/24/2023,Female,23,1201.4977,0,High
CUST00153,2/11/2023,Female,45,4504.6504,0,Top
CUST00154,2/20/2023,Other,24,2471.9058,0,Top
CUST00155,9/19/2022,Female,65,1325.7883,0,High
CUST00156,5/7/2023,Other,65,3218.9778,0,Top
CUST00157,11/5/2022,Female,41,5166.6606,0,Top
CUST00158,3/3/2023,Other,69,2353.7998,0,Top
CUST00159,3/22/2024,Male,26,2909.759,0,Top
CUST00160,1/4/2023,Other,53,1914.896,0,High
CUST00161,2/2/2023,Other,21,3860.875,0,Top
CUST00162,4/11/2024,Male,55,266.1478,0,Low
CUST00163,7/15/2023,Other,53,166.75269,0,Low
CUST00164,4/18/2023,Other,53,446.92926,0,Low
CUST00165,3/22/2024,Female,39,1475.3269,0,High
CUST00166,1/9/2024,Other,60,5605.858,0,Top
CUST00167,4/14/2024,Female,25,4615.9907,0,Top
CUST00168,8/18/2023,Male,44,851.9735,0,Mid
CUST00169,6/21/2023,Female,40,2580.2124,0,Top
CUST00170,6/20/2022,Female,60,2029.45,0,Top
CUST00171,6/19/2022,Male,66,4800.938,0,Top
CUST00172,8/30/2022,Female,45,517.12646,0,Mid
CUST00173,8/27/2022,Male,64,1081.6488,0,High
CUST00174,10/13/2022,Other,21,2988.2378,0,Top
CUST00175,5/1/2023,Other,36,2165.725,0,Top
CUST00176,7/20/2022,Female,56,3189.3708,0,Top
CUST00177,4/11/2023,Other,37,3487.8647,0,Top
CUST00178,7/4/2023,Male,40,2539.0452,0,Top
CUST00179,2/2/2024,Other,24,4678.423,0,Top
CUST00180,1/18/2023,Male,54,2703.7737,0,Top
CUST00181,4/7/2023,Other,50,3970.0786,0,Top
CUST00182,1/9/2023,Female,31,4909.397,0,Top
CUST00183,1/19/2023,Other,27,1728.5146,0,High
CUST00184,8/26/2023,Other,60,418.6145,0,Low
CUST00185,9/20/2022,Other,48,5649.1694,0,Top
CUST00186,12/1/2022,Male,32,5283.7505,0,Top
CUST00187,2/25/2023,Male,24,356.96637,0,Low
CUST00188,11/23/2023,Female,40,1458.5913,0,High
CUST00189,1/26/2023,Male,53,2387.4219,0,Top
CUST00190,7/20/2022,Other,41,2016.9868,0,Top
CUST00191,4/13/2024,Other,25,1023.9573,0,High
CUST00192,5/12/2023,Male,66,802.6166,0,Mid
CUST00193,10/14/2023,Other,35,3953.26,0,Top
CUST00194,1/30/2023,Female,54,432.76053,0,Low
CUST00195,7/17/2023,Female,32,2475.958,0,Top
CUST00196,9/14/2022,Male,69,4339.339,0,Top
CUST00197,8/1/2023,Male,45,1151.901,0,High
CUST00198,3/31/2023,Female,53,452.0799,0,Low
CUST00199,12/10/2022,Female,67,3449.0466,0,Top
CUST00200,8/8/2022,Male,70,3520.4575,0,Top
CUST00201,2/9/2023,Male,57,3633.1284,0,Top
CUST00202,1/31/2023,Male,57,2517.5425,0,Top
CUST00203,10/15/2022,Other,61,3224.849,0,Top
CUST00204,3/16/2023,Male,59,3697.9998,0,Top
CUST00205,12/26/2022,Male,53,5406.193,0,Top
CUST00206,7/17/2022,Other,19,2873.698,0,Top
CUST00207,12/19/2022,Female,56,5206.1245,0,Top
CUST00208,5/2/2023,Male,60,1939.5204,0,High
CUST00209,4/18/2024,Other,62,774.1283,0,Mid
CUST00210,10/12/2023,Male,35,4731.372,0,Top
CUST00211,1/20/2023,Male,19,985.3944,0,Mid
CUST00212,2/15/2023,Other,29,4971.2427,0,Top
CUST00213,1/7/2023,Female,35,2967.3933,0,Top
CUST00214,9/10/2023,Other,62,1950.5767,0,High
CUST00215,10/31/2022,Male,66,1990.4142,0,High
CUST00216,1/6/2024,Female,37,1025.5696,0,High
CUST00217,9/12/2023,Other,39,3540.103,0,Top
CUST00218,3/3/2024,Other,40,2991.3518,0,Top
CUST00219,3/24/2024,Female,18,3301.854,0,Top
CUST00220,1/31/2024,Male,29,3160.4314,0,Top
CUST00221,7/25/2023,Other,27,68.2539,0,Low
CUST00222,8/17/2022,Other,54,1833.2493,0,High
CUST00223,3/21/2023,Other,60,4060.108,0,Top
CUST00224,1/6/2023,Male,43,5097.4497,0,Top
CUST00225,9/23/2023,Other,22,1964.76,0,High
CUST00226,4/19/2023,Female,27,3428.786,0,Top
CUST00227,10/15/2023,Female,65,4300.845,0,Top
CUST00228,9/23/2023,Other,58,1243.014,0,High
CUST00229,9/18/2022,Other,19,1462.1117,0,High
CUST00230,11/6/2023,Female,23,4269.5786,0,Top
CUST00231,6/22/2022,Female,65,822.5631,0,Mid
CUST00232,5/17/2022,Other,51,2461.498,0,Top
CUST00233,6/25/2022,Female,31,3795.9255,0,Top
CUST00234,2/9/2024,Male,42,531.2242,0,Mid
CUST00235,6/22/2023,Male,44,767.9653,0,Mid
CUST00236,3/4/2023,Male,47,4528.289,0,Top
CUST00237,2/26/2024,Male,39,1213.508,0,High
CUST00238,9/7/2022,Female,28,3698.924,0,Top
CUST00239,6/29/2023,Male,41,4382.8525,0,Top
CUST00240,4/17/2023,Other,37,2781.9749,0,Top
CUST00241,8/8/2023,Other,64,4036.3987,0,Top
CUST00242,3/18/2023,Male,38,2632.3699,0,Top
CUST00243,1/10/2024,Other,67,1491.4203,0,High
CUST00244,7/1/2022,Male,54,4750.779,0,Top
CUST00245,4/28/2024,Male,56,4522.2744,0,Top
CUST00246,1/26/2024,Male,23,2255.8774,0,Top
CUST00247,5/14/2023,Other,21,2386.2058,0,Top
CUST00248,6/3/2023,Other,27,1850.044,0,High
CUST00249,12/7/2023,Male,28,658.07745,0,Mid
CUST00250,11/8/2022,Male,66,1001.4115,0,High
CUST00251,11/5/2022,Male,57,3233.854,0,Top
CUST00252,2/25/2024,Male,21,2358.5312,0,Top
CUST00253,2/2/2024,Female,61,3018.7556,0,Top
CUST00254,8/15/2023,Male,23,4735.2485,0,Top
CUST00255,7/31/2022,Other,35,3611.2322,0,Top
CUST00256,6/21/2022,Male,46,946.72003,0,Mid
CUST00257,9/21/2022,Female,60,1554.3206,0,High
CUST00258,4/12/2024,Other,45,194.1212,0,Low
CUST00259,3/10/2024,Female,49,3826.582,0,Top
CUST00260,3/5/2024,Male,56,3517.0486,0,Top
CUST00261,3/12/2023,Other,46,4322.886,0,Top
CUST00262,5/19/2023,Male,44,1074.1814,0,High
CUST00263,7/16/2023,Other,35,5742.4106,0,Top
CUST00264,8/1/2023,Other,31,5971.9053,0,Top
CUST00265,11/12/2022,Other,66,1742.0619,0,High
CUST00266,7/1/2022,Female,50,2236.1301,0,Top
CUST00267,11/15/2022,Male,25,2969.7446,0,Top
CUST00268,12/16/2023,Female,40,3919.2007,0,Top
CUST00269,5/7/2022,Female,45,492.84518,0,Low
CUST00270,5/10/2022,Male,25,548.362,0,Mid
CUST00271,8/28/2022,Male,36,4249.1333,0,Top
CUST00272,3/14/2024,Male,61,4615.6104,0,Top
CUST00273,9/22/2023,Other,61,773.5701,0,Mid
CUST00274,10/8/2023,Female,55,3263.255,0,Top
CUST00275,10/17/2023,Female,49,422.23456,0,Low
CUST00276,4/4/2024,Female,51,3749.1045,0,Top
CUST00277,9/23/2022,Female,60,3592.7146,0,Top
CUST00278,9/6/2022,Female,37,321.98624,0,Low
CUST00279,2/19/2024,Other,20,2658.9429,0,Top
CUST00280,10/21/2023,Male,32,3039.9014,0,Top
CUST00281,10/8/2023,Other,43,428.79926,0,Low
CUST00282,10/21/2023,Other,56,4915.1973,0,Top
CUST00283,7/6/2023,Other,21,4037.3892,0,Top
CUST00284,7/14/2022,Male,18,57.76867,0,Low
CUST00285,7/28/2023,Male,31,2846.4558,0,Top
CUST00286,9/10/2023,Female,37,4499.4927,0,Top
CUST00287,9/27/2022,Other,31,2326.706,0,Top
CUST00288,1/19/2024,Female,67,2344.6272,0,Top
CUST00289,7/9/2023,Male,26,1790.5323,0,High
CUST00290,7/2/2023,Male,66,4042.458,0,Top
CUST00291,11/12/2022,Male,34,447.98862,0,Low
CUST00292,10/7/2023,Male,36,2244.3857,0,Top
CUST00293,10/26/2022,Other,38,1033.0581,0,High
CUST00294,7/2/2022,Female,25,2803.5054,0,Top
CUST00295,12/22/2023,Male,18,81.84844,0,Low
CUST00296,7/24/2023,Female,49,4027.4917,0,Top
CUST00297,6/21/2022,Male,65,5759.68,0,Top
CUST00298,1/27/2024,Female,45,34.012352,0,Low
CUST00299,8/16/2022,Female,29,894.07904,0,Mid
CUST00300,1/30/2023,Male,26,4298.122,0,Top
CUST00301,2/11/2023,Male,42,3024.0867,0,Top
CUST00302,6/25/2023,Female,52,1927.0875,0,High
CUST00303,11/16/2023,Other,63,2714.5005,0,Top
CUST00304,4/16/2024,Male,32,4547.393,0,Top
CUST00305,3/17/2023,Male,50,5098.651,0,Top
CUST00306,7/26/2022,Other,53,3677.3237,0,Top
CUST00307,7/21/2023,Other,60,4021.9856,0,Top
CUST00308,5/7/2023,Male,69,4326.8687,0,Top
CUST00309,4/13/2024,Male,40,5062.629,0,Top
CUST00310,3/25/2023,Male,22,4377.386,0,Top
CUST00311,12/29/2022,Male,43,1847.6545,0,High
CUST00312,8/1/2023,Female,65,1944.816,0,High
CUST00313,7/19/2023,Female,20,4136.9243,0,Top
CUST00314,5/27/2023,Female,45,4560.316,0,Top
CUST00315,1/6/2024,Male,19,2339.2559,0,Top
CUST00316,8/19/2022,Female,47,1333.823,0,High
CUST00317,10/21/2023,Male,22,3140.1958,0,Top
CUST00318,7/8/2022,Male,38,941.2093,0,Mid
CUST00319,10/13/2022,Female,54,4781.491,0,Top
CUST00320,7/20/2022,Male,45,2304.071,0,Top
CUST00321,4/23/2024,Female,54,3678.5173,0,Top
CUST00322,5/29/2023,Female,43,2040.3099,0,Top
CUST00323,7/23/2023,Female,63,803.61444,0,Mid
CUST00324,5/31/2022,Female,58,4170.891,0,Top
CUST00325,2/24/2023,Female,44,2797.3108,0,Top
CUST00326,4/13/2023,Other,36,2828.9697,0,Top
CUST00327,2/28/2024,Other,25,3724.4836,0,Top
CUST00328,8/1/2022,Other,43,1039.8546,0,High
CUST00329,4/13/2023,Other,19,726.4208,0,Mid
CUST00330,11/30/2023,Other,38,2405.5896,0,Top
CUST00331,3/21/2023,Female,28,907.5111,0,Mid
CUST00332,5/4/2022,Male,69,364.13046,0,Low
CUST00333,6/27/2023,Male,57,2561.981,0,Top
CUST00334,7/19/2022,Female,47,803.4171,0,Mid
CUST00335,9/29/2022,Male,62,3936.8186,0,Top
CUST00336,10/24/2022,Male,41,1714.7814,0,High
CUST00337,1/9/2024,Other,23,4023.8342,0,Top
CUST00338,3/31/2024,Other,45,3920.3506,0,Top
CUST00339,10/20/2022,Other,24,2045.288,0,Top
CUST00340,2/20/2024,Male,33,1560.8237,0,High
CUST00341,3/31/2023,Other,45,784.9867,0,Mid
CUST00342,4/18/2024,Female,55,4273.304,0,Top
CUST00343,3/3/2024,Male,43,5255.307,0,Top
CUST00344,1/21/2024,Male,51,652.30273,0,Mid
CUST00345,9/28/2023,Other,23,3730.4402,0,Top
CUST00346,4/16/2023,Female,43,3551.4875,0,Top
CUST00347,2/22/2023,Other,37,5053.775,0,Top
CUST00348,10/7/2023,Other,65,2922.0334,0,Top
CUST00349,9/26/2022,Male,39,2326.1228,0,Top
CUST00350,9/21/2023,Male,32,4245.3896,0,Top
CUST00351,8/12/2022,Other,39,1726.8417,0,High
CUST00352,7/31/2022,Male,67,3947.1519,0,Top
CUST00353,4/27/2023,Male,28,3494.2927,0,Top
CUST00354,10/27/2023,Male,22,1347.0355,0,High
CUST00355,9/23/2023,Other,50,3078.8406,0,Top
CUST00356,10/2/2023,Male,58,1005.47626,0,High
CUST00357,12/9/2023,Other,25,5429.6157,0,Top
CUST00358,8/26/2022,Male,51,2664.8,0,Top
CUST00359,10/5/2022,Female,50,1549.1558,0,High
CUST00360,9/24/2022,Male,30,938.10767,0,Mid
CUST00361,9/30/2023,Other,67,6197.8745,0,Top
CUST00362,12/19/2022,Male,40,3772.4473,0,Top
CUST00363,12/23/2023,Other,40,1923.7145,0,High
CUST00364,3/2/2023,Other,64,2405.285,0,Top
CUST00365,3/9/2024,Male,70,2358.728,0,Top
CUST00366,6/11/2023,Other,59,4519.329,0,Top
CUST00367,5/25/2023,Male,70,3053.8005,0,Top
CUST00368,11/9/2023,Female,27,1981.1603,0,High
CUST00369,9/2/2023,Other,33,1123.938,0,High
CUST00370,10/29/2023,Other,24,4571.6675,0,Top
CUST00371,6/16/2022,Other,27,1727.3142,0,High
CUST00372,12/30/2023,Other,34,895.3225,0,Mid
CUST00373,2/4/2024,Female,30,901.4716,0,Mid
CUST00374,1/17/2024,Female,29,1389.7345,0,High
CUST00375,8/26/2022,Male,56,32.78283,0,Low
CUST00376,8/16/2022,Other,27,2117.0398,0,Top
CUST00377,8/30/2023,Other,66,279.65067,0,Low
CUST00378,1/12/2024,Female,66,2175.0232,0,Top
CUST00379,8/15/2022,Male,59,3416.496,0,Top
CUST00380,4/6/2024,Female,22,5172.3516,0,Top
CUST00381,2/5/2023,Female,29,4217.5234,0,Top
CUST00382,8/26/2022,Male,67,2476.2856,0,Top
CUST00383,4/17/2024,Other,58,3374.355,0,Top
CUST00384,3/19/2023,Other,49,365.08575,0,Low
CUST00385,2/20/2024,Female,47,5096.641,0,Top
CUST00386,12/17/2023,Female,66,2631.1213,0,Top
CUST00387,3/23/2024,Female,54,1092.2548,0,High
CUST00388,8/16/2023,Male,66,4043.9233,0,Top
CUST00389,12/16/2023,Male,55,2411.3704,0,Top
CUST00390,9/30/2022,Female,46,623.77954,0,Mid
CUST00391,10/7/2023,Other,61,3944.8174,0,Top
CUST00392,6/20/2022,Other,54,2561.3506,0,Top
CUST00393,8/8/2022,Male,59,4278.7383,0,Top
CUST00394,2/20/2024,Male,58,6186.183,0,Top
CUST00395,1/25/2024,Other,57,3261.3438,0,Top
CUST00396,11/24/2023,Male,38,687.5568,0,Mid
CUST00397,1/19/2024,Other,58,3659.29,0,Top
CUST00398,6/20/2022,Female,38,5598.3994,0,Top
CUST00399,8/20/2023,Male,27,2425.3838,0,Top
CUST00400,6/2/2022,Female,46,4199.463,0,Top
CUST00401,5/9/2022,Male,22,2205.121,0,Top
CUST00402,5/10/2022,Male,48,4460.7666,0,Top
CUST00403,9/21/2022,Female,46,167.55342,0,Low
CUST00404,6/9/2023,Female,58,4627.5044,0,Top
CUST00405,3/1/2023,Male,37,1652.018,0,High
CUST00406,4/10/2024,Female,68,605.6248,0,Mid
CUST00407,12/2/2023,Other,35,1583.3799,0,High
CUST00408,9/30/2023,Other,55,1415.9268,0,High
CUST00409,4/13/2024,Female,21,2904.2104,0,Top
CUST00410,1/27/2024,Other,40,424.22134,0,Low
CUST00411,11/3/2022,Other,50,2496.7522,0,Top
CUST00412,4/6/2024,Other,22,4062.4685,0,Top
CUST00413,2/6/2024,Male,37,2821.1016,0,Top
CUST00414,6/12/2022,Other,47,3835.0798,0,Top
CUST00415,4/15/2023,Other,46,4369.9526,0,Top
CUST00416,10/7/2023,Female,20,1290.3588,0,High
CUST00417,6/9/2022,Other,21,2594.2593,0,Top
CUST00418,10/25/2022,Male,41,3446.6348,0,Top
CUST00419,6/25/2022,Male,36,763.29047,0,Mid
CUST00420,3/14/2024,Female,22,4117.2607,0,Top
CUST00421,11/14/2023,Male,59,984.87744,0,Mid
CUST00422,11/19/2022,Male,23,4632.677,0,Top
CUST00423,3/14/2023,Other,57,657.5753,0,Mid
CUST00424,1/2/2023,Other,56,5035.6274,0,Top
CUST00425,12/12/2022,Male,50,3253.0217,0,Top
CUST00426,12/31/2022,Female,42,3316.0735,0,Top
CUST00427,2/26/2024,Female,47,1594.0762,0,High
CUST00428,10/12/2023,Other,55,3781.954,0,Top
CUST00429,6/7/2023,Male,53,2797.0813,0,Top
CUST00430,1/6/2023,Other,68,5303.9106,0,Top
CUST00431,3/5/2023,Female,65,1014.7113,0,High
CUST00432,1/20/2024,Male,20,1638.8353,0,High
CUST00433,10/23/2023,Other,46,3171.4204,0,Top
CUST00434,4/20/2024,Other,69,4441.66,0,Top
CUST00435,4/13/2023,Female,54,4137.4707,0,Top
CUST00436,6/18/2023,Other,59,3691.258,0,Top
CUST00437,7/4/2022,Female,30,3591.7075,0,Top
CUST00438,5/19/2023,Female,38,1807.9187,0,High
CUST00439,6/15/2023,Male,56,3032.1462,0,Top
CUST00440,7/16/2023,Male,48,4671.325,0,Top
CUST00441,12/11/2023,Other,50,2594.598,0,Top
CUST00442,6/22/2022,Female,27,130.23161,0,Low
CUST00443,4/19/2024,Female,21,3845.4814,0,Top
CUST00444,11/1/2023,Male,46,2976.98,0,Top
CUST00445,1/2/2024,Male,24,1512.0432,0,High
CUST00446,9/16/2022,Female,69,5505.0938,0,Top
CUST00447,9/19/2023,Male,39,3678.06,0,Top
CUST00448,9/25/2022,Other,63,4540.648,0,Top
CUST00449,1/23/2023,Female,23,4863.383,0,Top
CUST00450,6/5/2022,Male,50,1227.7329,0,High
CUST00451,6/15/2023,Other,59,2110.9167,0,Top
CUST00452,12/26/2022,Female,29,4252.573,0,Top
CUST00453,4/30/2022,Other,20,4203.7554,0,Top
CUST00454,8/15/2023,Other,33,2988.8875,0,Top
CUST00455,3/29/2024,Female,63,3243.2866,0,Top
CUST00456,5/31/2023,Other,46,5959.4624,0,Top
CUST00457,9/4/2023,Male,46,735.9933,0,Mid
CUST00458,5/29/2022,Male,51,4249.7974,0,Top
CUST00459,12/2/2022,Male,51,1659.5471,0,High
CUST00460,9/3/2023,Other,57,2538.935,0,Top
CUST00461,5/12/2022,Male,28,2303.301,0,Top
CUST00462,11/1/2022,Other,41,639.3295,0,Mid
CUST00463,11/7/2022,Male,41,213.98085,0,Low
CUST00464,12/7/2022,Female,36,1901.245,0,High
CUST00465,9/2/2022,Other,42,5237.082,0,Top
CUST00466,7/27/2023,Other,44,4322.4365,0,Top
CUST00467,12/23/2022,Male,67,4268.1016,0,Top
CUST00468,11/26/2022,Female,39,1354.872,0,High
CUST00469,9/14/2022,Male,61,4021.2856,0,Top
CUST00470,11/15/2022,Male,56,4346.273,0,Top
CUST00471,5/17/2022,Female,21,2206.6938,0,Top
CUST00472,1/15/2023,Female,68,1573.1733,0,High
CUST00473,10/16/2022,Male,58,1785.837,0,High
CUST00474,1/25/2024,Female,59,2683.2434,0,Top
CUST00475,7/4/2023,Male,39,596.55865,0,Mid
CUST00476,9/8/2022,Other,22,2842.9036,0,Top
CUST00477,9/8/2023,Male,39,494.27713,0,Low
CUST00478,4/23/2023,Other,24,1509.9675,0,High
CUST00479,2/26/2024,Male,53,4239.058,0,Top
CUST00480,4/7/2023,Female,61,2960.4011,0,Top
CUST00481,11/28/2023,Other,42,2991.5208,0,Top
CUST00482,2/1/2024,Female,36,4882.8755,0,Top
CUST00483,5/6/2023,Other,34,406.90118,0,Low
CUST00484,12/24/2023,Other,64,4490.4688,0,Top
CUST00485,3/31/2023,Male,60,1653.9568,0,High
CUST00486,11/24/2023,Male,56,3248.4038,0,Top
CUST00487,5/7/2022,Male,27,2266.7715,0,Top
CUST00488,3/3/2023,Male,39,39.41944,0,Low
CUST00489,8/31/2022,Female,23,275.83713,0,Low
CUST00490,4/18/2023,Male,55,945.53015,0,Mid
CUST00491,11/27/2023,Male,60,68.27509,0,Low
CUST00492,8/15/2023,Other,27,2377.1829,0,Top
CUST00493,2/10/2023,Female,40,1277.1147,0,High
CUST00494,9/8/2022,Female,37,2052.8516,0,Top
CUST00495,11/3/2023,Other,59,1051.1833,0,High
CUST00496,7/31/2022,Other,62,3471.3,0,Top
CUST00497,10/4/2023,Male,60,1502.1039,0,High
CUST00498,1/23/2024,Female,43,4592.8267,0,Top
CUST00499,12/6/2023,Male,26,3840.6472,0,Top
CUST00500,4/19/2023,Other,56,3861.8208,0,Top
CUST00501,7/25/2023,Male,63,709.40405,0,Mid
CUST00502,2/9/2024,Female,23,3010.2039,0,Top
CUST00503,6/1/2023,Male,37,3403.6077,0,Top
CUST00504,3/26/2024,Female,53,3297.9324,0,Top
CUST00505,9/14/2022,Male,42,3424.1643,0,Top
CUST00506,6/11/2023,Male,59,4813.0796,0,Top
CUST00507,4/16/2023,Female,68,3287.6619,0,Top
CUST00508,11/12/2022,Female,39,2698.6348,0,Top
CUST00509,1/30/2024,Female,70,1553.716,0,High
CUST00510,2/19/2024,Male,26,3773.224,0,Top
CUST00511,6/28/2022,Male,60,2770.9937,0,Top
CUST00512,4/10/2023,Male,62,1237.9121,0,High
CUST00513,4/7/2023,Other,65,2982.115,0,Top
CUST00514,11/30/2023,Male,61,1000.32666,0,High
CUST00515,8/24/2022,Female,51,1868.5112,0,High
CUST00516,9/22/2022,Female,23,43.988865,0,Low
CUST00517,2/3/2024,Female,59,1107.3333,0,High
CUST00518,9/13/2022,Male,60,1886.2631,0,High
CUST00519,9/25/2023,Female,45,899.2113,0,Mid
CUST00520,9/18/2022,Female,50,2055.4973,0,Top
CUST00521,11/18/2023,Other,41,426.5847,0,Low
CUST00522,7/29/2023,Other,19,3516.9685,0,Top
CUST00523,5/20/2023,Female,41,1748.2025,0,High
CUST00524,10/29/2023,Other,37,4232.431,0,Top
CUST00525,5/1/2023,Other,29,1498.2455,0,High
CUST00526,10/25/2023,Female,31,3276.3628,0,Top
CUST00527,11/20/2022,Male,39,2844.1182,0,Top
CUST00528,2/13/2023,Male,67,325.51178,0,Low
CUST00529,2/15/2023,Female,49,1238.3109,0,High
CUST00530,9/23/2022,Male,30,328.7482,0,Low
CUST00531,6/27/2023,Other,32,1843.4845,0,High
CUST00532,10/11/2022,Female,26,2730.8735,0,Top
CUST00533,5/13/2023,Male,27,2273.736,0,Top
CUST00534,11/10/2022,Male,22,3301.4736,0,Top
CUST00535,2/12/2023,Other,36,1297.5764,0,High
CUST00536,2/6/2024,Female,68,2364.6423,0,Top
CUST00537,9/29/2023,Female,24,3923.5444,0,Top
CUST00538,5/15/2022,Other,50,889.30774,0,Mid
CUST00539,6/9/2023,Female,67,4434.039,0,Top
CUST00540,1/29/2023,Female,52,565.7106,0,Mid
CUST00541,7/6/2023,Other,65,4962.4844,0,Top
CUST00542,11/4/2023,Other,51,1176.4425,0,High
CUST00543,12/7/2023,Male,20,1692.8473,0,High
CUST00544,11/14/2022,Female,60,590.73376,0,Mid
CUST00545,5/27/2022,Other,39,3512.102,0,Top
CUST00546,10/19/2023,Male,67,1790.5247,0,High
CUST00547,6/3/2022,Female,57,3140.829,0,Top
CUST00548,3/22/2023,Male,26,1956.803,0,High
CUST00549,2/21/2024,Other,56,1580.5094,0,High
CUST00550,5/21/2022,Female,42,4649.5903,0,Top
CUST00551,9/8/2022,Male,27,3600.4885,0,Top
CUST00552,3/10/2023,Other,28,2366.8953,0,Top
CUST00553,8/19/2022,Other,29,2125.9875,0,Top
CUST00554,5/15/2023,Other,62,4502.535,0,Top
CUST00555,5/11/2023,Other,67,3712.9465,0,Top
CUST00556,6/22/2022,Other,57,2882.8496,0,Top
CUST00557,8/6/2023,Other,69,3653.449,0,Top
CUST00558,2/7/2023,Other,28,3404.0232,0,Top
CUST00559,12/5/2022,Male,64,412.22427,0,Low
CUST00560,11/22/2022,Female,46,3540.9495,0,Top
CUST00561,4/5/2023,Female,20,2263.0637,0,Top
CUST00562,8/26/2022,Male,44,2574.3757,0,Top
CUST00563,3/10/2023,Other,41,3643.5066,0,Top
CUST00564,6/17/2023,Female,61,2164.9622,0,Top
CUST00565,7/19/2022,Other,64,3361.503,0,Top
CUST00566,6/16/2023,Female,33,1731.9375,0,High
CUST00567,9/21/2023,Other,46,1959.5754,0,High
CUST00568,9/21/2022,Male,57,2748.9927,0,Top
CUST00569,2/6/2023,Other,36,4307.4,0,Top
CUST00570,8/26/2023,Female,66,2799.667,0,Top
CUST00571,7/20/2022,Other,65,3043.0706,0,Top
CUST00572,5/9/2022,Female,68,4292.326,0,Top
CUST00573,7/7/2023,Other,46,852.8215,0,Mid
CUST00574,6/16/2023,Female,32,5128.192,0,Top
CUST00575,3/20/2023,Female,52,135.17079,0,Low
CUST00576,1/28/2023,Female,33,2348.432,0,Top
CUST00577,6/22/2023,Other,37,1240.3888,0,High
CUST00578,6/21/2023,Female,69,782.78186,0,Mid
CUST00579,3/17/2024,Other,68,2034.7147,0,Top
CUST00580,1/9/2024,Male,48,3471.2246,0,Top
CUST00581,8/12/2022,Male,30,940.0318,0,Mid
CUST00582,3/2/2024,Female,41,1030.8595,0,High
CUST00583,4/18/2024,Other,61,3592.5476,0,Top
CUST00584,8/17/2022,Female,54,4494.7876,0,Top
CUST00585,6/21/2022,Other,46,3403.4731,0,Top
CUST00586,7/10/2023,Other,47,883.76825,0,Mid
CUST00587,3/12/2024,Male,67,485.3399,0,Low
CUST00588,4/9/2024,Other,36,3217.1628,0,Top
CUST00589,8/28/2023,Other,67,4156.863,0,Top
CUST00590,5/28/2023,Female,42,1409.5182,0,High
CUST00591,3/26/2023,Female,50,2517.838,0,Top
CUST00592,11/25/2023,Other,51,3264.3203,0,Top
CUST00593,5/18/2023,Male,44,1590.4281,0,High
CUST00594,12/13/2023,Female,28,986.90094,0,Mid
CUST00595,12/2/2022,Female,70,3158.3125,0,Top
CUST00596,5/31/2023,Male,30,3561.3564,0,Top
CUST00597,4/5/2023,Female,69,2823.861,0,Top
CUST00598,2/19/2023,Other,56,5449.086,0,Top
CUST00599,11/22/2022,Other,26,3481.8604,0,Top
CUST00600,12/19/2022,Other,34,700.17676,0,Mid
CUST00601,3/17/2024,Female,21,2270.3342,0,Top
CUST00602,1/8/2023,Female,59,2567.705,0,Top
CUST00603,3/4/2023,Female,48,2350.672,0,Top
CUST00604,10/4/2022,Female,41,1550.9089,0,High
CUST00605,12/6/2022,Other,53,1830.8967,0,High
CUST00606,8/3/2022,Male,24,5065.8706,0,Top
CUST00607,1/24/2024,Other,63,2829.0737,0,Top
CUST00608,10/30/2022,Female,51,440.0833,0,Low
CUST00609,7/22/2023,Other,25,3914.994,0,Top
CUST00610,3/13/2023,Male,36,2455.623,0,Top
CUST00611,6/29/2023,Other,23,4710.3784,0,Top
CUST00612,3/9/2023,Male,66,2778.4106,0,Top
CUST00613,11/27/2023,Female,28,1151.1323,0,High
CUST00614,7/23/2023,Other,35,3067.491,0,Top
CUST00615,4/13/2024,Other,46,2954.918,0,Top
CUST00616,10/4/2022,Other,50,1608.0181,0,High
CUST00617,12/3/2023,Other,27,3771.0115,0,Top
CUST00618,5/21/2023,Female,45,3041.5735,0,Top
CUST00619,8/9/2023,Male,23,854.3913,0,Mid
CUST00620,1/16/2024,Male,32,3683.044,0,Top
CUST00621,2/23/2023,Other,70,3778.6233,0,Top
CUST00622,10/29/2022,Female,46,1239.0724,0,High
CUST00623,10/24/2022,Male,40,5129.286,0,Top
CUST00624,12/30/2023,Male,19,5022.105,0,Top
CUST00625,12/7/2023,Male,44,1607.6198,0,High
CUST00626,5/30/2022,Male,21,1828.1654,0,High
CUST00627,5/16/2023,Male,43,2945.2646,0,Top
CUST00628,2/20/2024,Male,50,1276.699,0,High
CUST00629,1/9/2024,Female,41,143.11111,0,Low
CUST00630,3/10/2023,Other,33,841.6343,0,Mid
CUST00631,2/20/2023,Male,42,4519.652,0,Top
CUST00632,7/27/2022,Female,23,1234.0485,0,High
CUST00633,2/17/2023,Female,41,3375.8606,0,Top
CUST00634,10/18/2023,Other,32,1610.1128,0,High
CUST00635,8/7/2023,Other,19,4584.234,0,Top
CUST00636,12/9/2023,Male,38,1125.5061,0,High
CUST00637,6/8/2022,Other,24,1614.9216,0,High
CUST00638,3/23/2024,Other,63,1583.9952,0,High
CUST00639,10/2/2022,Female,59,4607.0083,0,Top
CUST00640,1/29/2024,Female,39,1823.8032,0,High
CUST00641,7/24/2023,Female,68,3082.4714,0,Top
CUST00642,3/25/2024,Male,27,4770.9077,0,Top
CUST00643,7/31/2022,Male,26,4401.842,0,Top
CUST00644,7/27/2022,Other,20,1293.0067,0,High
CUST00645,1/22/2024,Other,36,3437.902,0,Top
CUST00646,3/25/2023,Male,48,3384.5376,0,Top
CUST00647,5/29/2023,Male,62,3581.6675,0,Top
CUST00648,12/14/2022,Female,26,286.42664,0,Low
CUST00649,6/9/2023,Male,66,6308.922,0,Top
CUST00650,3/19/2024,Male,63,1298.0718,0,High
CUST00651,1/6/2023,Other,48,1922.0137,0,High
CUST00652,2/14/2023,Other,46,5242.9023,0,Top
CUST00653,10/12/2023,Female,57,1621.2664,0,High
CUST00654,6/28/2023,Male,18,5556.6406,0,Top
CUST00655,12/14/2022,Other,23,900.96906,0,Mid
CUST00656,4/12/2023,Male,19,4022.105,0,Top
CUST00657,5/21/2022,Male,34,3258.9133,0,Top
CUST00658,7/23/2023,Female,31,706.34753,0,Mid
CUST00659,6/8/2023,Male,27,1387.8243,0,High
CUST00660,9/19/2023,Female,53,1864.5094,0,High
CUST00661,12/5/2023,Other,64,1558.6704,0,High
CUST00662,6/25/2023,Other,56,4679.043,0,Top
CUST00663,9/10/2022,Other,51,1231.9194,0,High
CUST00664,10/3/2023,Other,45,4196.122,0,Top
CUST00665,7/15/2022,Female,25,1495.3323,0,High
CUST00666,1/23/2024,Female,67,3647.3127,0,Top
CUST00667,10/21/2022,Other,36,5174.0767,0,Top
CUST00668,12/3/2023,Other,33,3523.6428,0,Top
CUST00669,6/26/2022,Other,37,3524.864,0,Top
CUST00670,6/29/2022,Female,25,4317.2056,0,Top
CUST00671,5/14/2022,Other,21,1940.499,0,High
CUST00672,11/25/2022,Female,33,459.7125,0,Low
CUST00673,10/16/2022,Male,44,2207.7432,0,Top
CUST00674,3/15/2023,Other,58,2700.4294,0,Top
CUST00675,6/19/2022,Female,68,1054.1765,0,High
CUST00676,2/9/2024,Female,57,20.013533,0,Low
CUST00677,12/8/2022,Female,47,2822.207,0,Top
CUST00678,6/29/2023,Male,22,532.68054,0,Mid
CUST00679,10/13/2023,Other,25,880.4302,0,Mid
CUST00680,12/31/2022,Female,49,3233.0515,0,Top
CUST00681,2/17/2024,Other,56,4917.3447,0,Top
CUST00682,6/21/2022,Female,52,2970.0208,0,Top
CUST00683,7/15/2023,Other,19,2774.911,0,Top
CUST00684,8/11/2022,Male,58,1052.1698,0,High
CUST00685,12/28/2022,Female,50,215.66905,0,Low
CUST00686,1/15/2023,Female,54,3521.2327,0,Top
CUST00687,3/17/2024,Male,33,3552.065,0,Top
CUST00688,1/12/2023,Other,63,1856.3344,0,High
CUST00689,5/23/2023,Female,27,4384.606,0,Top
CUST00690,12/24/2022,Male,36,3723.4553,0,Top
CUST00691,12/15/2023,Female,45,3939.2612,0,Top
CUST00692,2/2/2023,Female,18,1068.9144,0,High
CUST00693,1/7/2024,Female,57,2569.5261,0,Top
CUST00694,6/26/2023,Other,40,4421.182,0,Top
CUST00695,6/2/2022,Male,33,4733.1914,0,Top
CUST00696,5/11/2022,Male,54,2577.0393,0,Top
CUST00697,7/10/2022,Male,44,820.8699,0,Mid
CUST00698,8/8/2022,Male,29,3109.526,0,Top
CUST00699,12/9/2022,Female,60,2430.524,0,Top
CUST00700,12/30/2022,Other,60,3528.6475,0,Top
CUST00701,9/25/2022,Male,23,950.10187,0,Mid
CUST00702,4/12/2023,Other,51,5173.618,0,Top
CUST00703,7/18/2022,Male,41,366.03824,0,Low
CUST00704,4/16/2023,Male,22,3591.4497,0,Top
CUST00705,2/3/2024,Female,51,4047.808,0,Top
CUST00706,9/6/2022,Female,52,1475.4973,0,High
CUST00707,2/12/2023,Female,50,3136.9868,0,Top
CUST00708,2/19/2023,Other,68,4984.411,0,Top
CUST00709,1/30/2023,Female,50,1354.8589,0,High
CUST00710,7/5/2022,Female,53,4159.618,0,Top
CUST00711,9/10/2022,Male,19,1080.1653,0,High
CUST00712,6/17/2023,Male,42,2769.2732,0,Top
CUST00713,1/17/2023,Female,48,2534.139,0,Top
CUST00714,5/8/2022,Female,20,4342.9097,0,Top
CUST00715,11/9/2023,Other,58,999.5806,0,Mid
CUST00716,10/31/2022,Other,42,3335.5745,0,Top
CUST00717,1/24/2023,Male,41,5282.1406,0,Top
CUST00718,7/6/2023,Other,34,1861.9489,0,High
CUST00719,1/13/2023,Female,65,151.1663,0,Low
CUST00720,6/14/2022,Female,19,5197.51,0,Top
CUST00721,9/11/2023,Male,40,2267.6973,0,Top
CUST00722,7/3/2022,Female,68,3852.2007,0,Top
CUST00723,12/2/2023,Female,22,3415.9954,0,Top
CUST00724,7/11/2023,Female,40,4988.5967,0,Top
CUST00725,5/29/2023,Female,33,3822.9863,0,Top
CUST00726,7/19/2023,Other,64,436.5153,0,Low
CUST00727,1/11/2023,Other,60,2049.4443,0,Top
CUST00728,4/9/2024,Other,58,3921.049,0,Top
CUST00729,10/1/2022,Other,24,5333.2896,0,Top
CUST00730,11/29/2023,Other,67,147.02342,0,Low
CUST00731,10/7/2022,Male,55,2063.1348,0,Top
CUST00732,6/2/2023,Female,65,4512.031,0,Top
CUST00733,8/16/2022,Male,66,1937.8531,0,High
CUST00734,9/21/2022,Female,39,4130.3335,0,Top
CUST00735,12/28/2022,Female,26,1588.0325,0,High
CUST00736,3/24/2023,Female,20,5432.4897,0,Top
CUST00737,5/17/2023,Male,40,4660.1514,0,Top
CUST00738,12/29/2022,Female,52,2687.8967,0,Top
CUST00739,4/12/2024,Female,39,1726.3646,0,High
CUST00740,12/1/2023,Other,70,2086.4094,0,Top
CUST00741,3/14/2023,Other,59,4315.1743,0,Top
CUST00742,6/3/2023,Female,29,429.80493,0,Low
CUST00743,10/19/2023,Other,67,2106.6033,0,Top
CUST00744,3/16/2023,Male,61,3594.9639,0,Top
CUST00745,11/24/2023,Female,47,4156.852,0,Top
CUST00746,8/8/2023,Male,62,1430.3602,0,High
CUST00747,2/10/2024,Other,48,5169.983,0,Top
CUST00748,7/18/2023,Other,58,5123.42,0,Top
CUST00749,5/24/2022,Male,29,1684.3573,0,High
CUST00750,12/17/2022,Female,69,4459.5103,0,Top
CUST00751,11/19/2022,Other,26,1733.3209,0,High
CUST00752,7/15/2022,Other,22,3070.8643,0,Top
CUST00753,7/2/2023,Other,63,2085.992,0,Top
CUST00754,4/6/2024,Male,67,2331.336,0,Top
CUST00755,5/4/2022,Male,47,347.477,0,Low
CUST00756,3/28/2023,Other,20,4066.2817,0,Top
CUST00757,1/8/2024,Female,36,2386.3193,0,Top
CUST00758,11/2/2023,Male,30,2907.4177,0,Top
CUST00759,8/12/2023,Female,20,1785.2144,0,High
CUST00760,1/31/2023,Male,68,3426.9973,0,Top
CUST00761,2/18/2023,Male,30,1153.1415,0,High
CUST00762,6/27/2022,Female,20,2927.3425,0,Top
CUST00763,8/29/2022,Female,38,1572.305,0,High
CUST00764,10/16/2023,Female,37,392.98822,0,Low
CUST00765,5/15/2023,Male,50,3019.4717,0,Top
CUST00766,1/9/2023,Female,43,3919.1675,0,Top
CUST00767,5/6/2023,Female,70,859.8493,0,Mid
CUST00768,3/4/2024,Female,52,479.97757,0,Low
CUST00769,7/15/2022,Female,48,1984.1686,0,High
CUST00770,6/30/2022,Female,34,187.28893,0,Low
CUST00771,12/13/2022,Female,20,1417.5231,0,High
CUST00772,2/15/2023,Female,66,1835.821,0,High
CUST00773,12/2/2023,Male,59,4909.521,0,Top
CUST00774,10/6/2022,Female,30,4600.741,0,Top
CUST00775,5/26/2023,Male,36,4851.3413,0,Top
CUST00776,5/14/2023,Other,40,2486.7039,0,Top
CUST00777,12/7/2022,Other,67,172.42969,0,Low
CUST00778,5/19/2022,Male,21,1230.1469,0,High
CUST00779,2/10/2024,Female,59,4545.6475,0,Top
CUST00780,10/2/2023,Male,39,1259.2164,0,High
CUST00781,1/14/2023,Other,35,4615.2324,0,Top
CUST00782,1/26/2024,Male,25,459.70364,0,Low
CUST00783,4/20/2024,Other,69,3781.9866,0,Top
CUST00784,8/12/2023,Male,41,2739.1943,0,Top
CUST00785,2/9/2024,Male,45,434.41382,0,Low
CUST00786,8/26/2022,Male,43,4123.8936,0,Top
CUST00787,10/3/2022,Male,65,3054.9814,0,Top
CUST00788,8/28/2023,Male,46,431.20074,0,Low
CUST00789,10/15/2023,Other,42,4566.226,0,Top
CUST00790,8/2/2022,Male,39,590.1029,0,Mid
CUST00791,4/26/2024,Male,29,3079.7126,0,Top
CUST00792,8/20/2022,Male,49,4419.1323,0,Top
CUST00793,12/10/2022,Female,62,2155.5835,0,Top
CUST00794,8/9/2023,Other,49,935.2224,0,Mid
CUST00795,7/19/2023,Male,41,3160.5454,0,Top
CUST00796,3/22/2024,Other,69,1338.0273,0,High
CUST00797,4/5/2024,Male,51,3039.665,0,Top
CUST00798,2/8/2024,Female,35,2381.116,0,Top
CUST00799,8/5/2023,Other,69,1044.1305,0,High
CUST00800,4/3/2024,Female,23,2601.271,0,Top
CUST00801,1/3/2023,Female,64,651.8961,0,Mid
CUST00802,4/7/2024,Male,45,217.77325,0,Low
CUST00803,6/1/2022,Other,23,5684.3354,0,Top
CUST00804,1/22/2023,Other,45,3924.977,0,Top
CUST00805,1/3/2024,Other,56,900.10815,0,Mid
CUST00806,3/7/2023,Other,70,4073.5254,0,Top
CUST00807,5/16/2022,Male,29,1040.0111,0,High
CUST00808,7/17/2022,Male,52,3044.3909,0,Top
CUST00809,5/26/2022,Female,36,2348.2764,0,Top
CUST00810,12/20/2023,Male,38,829.6473,0,Mid
CUST00811,7/26/2023,Other,24,3779.4775,0,Top
CUST00812,5/24/2023,Male,23,4342.9604,0,Top
CUST00813,7/27/2022,Female,38,1344.8936,0,High
CUST00814,11/27/2023,Other,60,729.31915,0,Mid
CUST00815,9/7/2023,Other,36,4316.925,0,Top
CUST00816,7/6/2022,Female,37,3501.843,0,Top
CUST00817,3/27/2024,Female,46,2309.5007,0,Top
CUST00818,8/23/2023,Other,56,5539.5264,0,Top
CUST00819,6/24/2022,Male,63,3406.7537,0,Top
CUST00820,2/14/2024,Male,45,3526.1936,0,Top
CUST00821,1/13/2023,Other,28,4817.434,0,Top
CUST00822,12/30/2023,Other,62,3900.3364,0,Top
CUST00823,8/22/2023,Other,46,5756.582,0,Top
CUST00824,4/30/2022,Male,40,2616.7605,0,Top
CUST00825,2/7/2023,Male,46,2411.8752,0,Top
CUST00826,10/23/2023,Other,20,5098.0356,0,Top
CUST00827,6/21/2022,Female,64,2467.201,0,Top
CUST00828,11/12/2023,Other,40,2230.63,0,Top
CUST00829,7/3/2023,Other,57,4795.746,0,Top
CUST00830,1/1/2024,Male,45,219.48059,0,Low
CUST00831,6/16/2023,Other,35,370.26447,0,Low
CUST00832,10/4/2023,Male,58,528.90063,0,Mid
CUST00833,8/9/2023,Female,68,4537.4893,0,Top
CUST00834,10/22/2022,Other,21,3606.7942,0,Top
CUST00835,4/8/2024,Female,22,3361.9827,0,Top
CUST00836,5/3/2022,Other,60,2282.7957,0,Top
CUST00837,6/3/2023,Female,58,4267.611,0,Top
CUST00838,6/25/2022,Male,43,3542.1257,0,Top
CUST00839,3/11/2023,Other,41,4817.273,0,Top
CUST00840,2/15/2024,Other,50,1435.082,0,High
CUST00841,3/11/2024,Female,69,4766.2827,0,Top
CUST00842,10/18/2023,Male,65,929.2065,0,Mid
CUST00843,10/18/2022,Female,61,5196.725,0,Top
CUST00844,3/20/2024,Female,28,3021.1626,0,Top
CUST00845,2/19/2023,Male,19,764.58936,0,Mid
CUST00846,11/20/2022,Female,27,3548.6047,0,Top
CUST00847,5/28/2022,Female,56,2544.7092,0,Top
CUST00848,8/3/2023,Other,61,5576.3916,0,Top
CUST00849,12/1/2023,Female,68,3514.0576,0,Top
CUST00850,8/11/2022,Other,46,963.95404,0,Mid
CUST00851,9/3/2023,Male,20,4659.535,0,Top
CUST00852,2/6/2023,Female,26,4251.0117,0,Top
CUST00853,12/13/2023,Male,22,2751.867,0,Top
CUST00854,5/7/2023,Other,33,4708.6216,0,Top
CUST00855,12/16/2022,Other,67,4480.2505,0,Top
CUST00856,1/8/2024,Other,59,4242.2686,0,Top
CUST00857,11/23/2022,Female,41,4480.7974,0,Top
CUST00858,8/31/2022,Other,41,2477.2163,0,Top
CUST00859,5/22/2022,Other,42,1398.9219,0,High
CUST00860,8/30/2022,Female,54,1500.309,0,High
CUST00861,4/27/2024,Female,20,4604.6045,0,Top
CUST00862,8/27/2022,Female,56,1158.0178,0,High
CUST00863,2/14/2024,Other,27,478.56104,0,Low
CUST00864,4/24/2024,Other,61,1960.4811,0,High
CUST00865,1/8/2024,Female,46,438.7184,0,Low
CUST00866,12/26/2022,Female,41,2863.4673,0,Top
CUST00867,10/11/2022,Male,41,759.4653,0,Mid
CUST00868,6/12/2022,Male,46,3236.4358,0,Top
CUST00869,12/20/2022,Female,66,3996.4932,0,Top
CUST00870,11/15/2022,Female,22,3009.0886,0,Top
CUST00871,5/31/2022,Male,54,2165.4482,0,Top
CUST00872,8/12/2023,Female,26,3007.9668,0,Top
CUST00873,8/24/2023,Other,51,5789.6323,0,Top
CUST00874,12/5/2022,Other,41,1736.1317,0,High
CUST00875,1/30/2023,Other,43,1734.4764,0,High
CUST00876,8/20/2022,Female,38,2822.8499,0,Top
CUST00877,12/16/2022,Female,59,1363.5874,0,High
CUST00878,8/27/2022,Male,35,4655.243,0,Top
CUST00879,1/19/2023,Female,33,4484.6987,0,Top
CUST00880,6/1/2022,Female,25,3412.1245,0,Top
CUST00881,9/26/2023,Male,19,2117.5066,0,Top
CUST00882,1/9/2024,Female,65,2837.2546,0,Top
CUST00883,2/25/2023,Male,29,2041.8364,0,Top
CUST00884,10/1/2023,Female,49,1181.2717,0,High
CUST00885,11/4/2022,Female,51,2474.9663,0,Top
CUST00886,2/5/2024,Female,42,5017.3877,0,Top
CUST00887,2/9/2024,Female,53,2227.1235,0,Top
CUST00888,11/12/2022,Other,25,5759.934,0,Top
CUST00889,7/3/2023,Other,34,3219.7217,0,Top
CUST00890,7/25/2022,Female,67,4067.809,0,Top
CUST00891,3/30/2023,Other,34,2151.3247,0,Top
CUST00892,12/4/2023,Male,63,4895.7217,0,Top
CUST00893,5/2/2023,Other,46,2428.0212,0,Top
CUST00894,7/11/2022,Male,31,2462.445,0,Top
CUST00895,10/10/2023,Male,57,3319.495,0,Top
CUST00896,12/22/2023,Male,36,3965.866,0,Top
CUST00897,10/21/2023,Other,62,5452.6377,0,Top
CUST00898,3/31/2024,Female,49,2235.6013,0,Top
CUST00899,1/22/2023,Female,30,1635.2272,0,High
CUST00900,7/27/2023,Other,25,1411.1628,0,High
CUST00901,3/4/2024,Male,26,4702.282,0,Top
CUST00902,11/11/2022,Other,22,3181.9402,0,Top
CUST00903,8/7/2022,Female,46,4463.5522,0,Top
CUST00904,7/8/2023,Other,29,968.43945,0,Mid
CUST00905,11/27/2022,Other,63,1583.4084,0,High
CUST00906,12/6/2022,Female,46,776.1588,0,Mid
CUST00907,1/8/2023,Female,23,2498.8682,0,Top
CUST00908,10/25/2023,Male,69,836.873,0,Mid
CUST00909,9/22/2022,Male,61,442.62698,0,Low
CUST00910,11/17/2023,Female,38,518.34247,0,Mid
CUST00911,1/28/2024,Male,60,2293.834,0,Top
CUST00912,4/8/2023,Female,40,4070.891,0,Top
CUST00913,1/20/2024,Other,63,897.1382,0,Mid
CUST00914,1/3/2023,Male,22,953.4527,0,Mid
CUST00915,1/1/2024,Female,53,2895.5886,0,Top
CUST00916,10/14/2023,Other,52,1962.7709,0,High
CUST00917,11/15/2023,Other,36,3807.3599,0,Top
CUST00918,3/26/2023,Female,37,4217.3613,0,Top
CUST00919,11/5/2023,Female,28,3784.0054,0,Top
CUST00920,8/15/2022,Other,63,1542.3066,0,High
CUST00921,10/27/2023,Other,63,1002.7802,0,High
CUST00922,2/4/2024,Female,62,3250.4612,0,Top
CUST00923,9/29/2023,Female,58,4962.7925,0,Top
CUST00924,7/29/2023,Other,29,1375.0675,0,High
CUST00925,6/27/2022,Other,68,2938.2383,0,Top
CUST00926,6/3/2023,Female,41,3639.149,0,Top
CUST00927,11/24/2023,Female,50,2259.8613,0,Top
CUST00928,2/1/2024,Other,32,3630.0466,0,Top
CUST00929,6/18/2022,Female,25,1364.4772,0,High
CUST00930,7/22/2022,Female,30,294.08902,0,Low
CUST00931,1/14/2023,Female,68,3479.686,0,Top
CUST00932,6/24/2022,Female,26,2357.6506,0,Top
CUST00933,3/29/2023,Male,33,2535.666,0,Top
CUST00934,9/24/2022,Male,68,4893.5054,0,Top
CUST00935,7/18/2023,Other,49,5883.9067,0,Top
CUST00936,4/7/2024,Male,19,3907.4275,0,Top
CUST00937,5/24/2023,Female,41,4256.3467,0,Top
CUST00938,2/2/2024,Male,53,1538.6543,0,High
CUST00939,3/12/2023,Other,54,1249.1815,0,High
CUST00940,6/26/2022,Other,41,5057.519,0,Top
CUST00941,1/15/2024,Other,47,4059.1936,0,Top
CUST00942,4/21/2024,Male,69,3185.238,0,Top
CUST00943,6/8/2022,Male,53,3131.135,0,Top
CUST00944,4/6/2023,Male,26,815.2049,0,Mid
CUST00945,3/8/2023,Other,57,3298.103,0,Top
CUST00946,11/8/2023,Female,23,4918.202,0,Top
CUST00947,9/23/2023,Female,22,562.89355,0,Mid
CUST00948,6/21/2023,Other,37,2098.2188,0,Top
CUST00949,5/3/2022,Other,43,3708.2256,0,Top
CUST00950,5/23/2022,Other,63,2704.6685,0,Top
CUST00951,6/22/2023,Other,64,1530.2156,0,High
CUST00952,11/21/2022,Female,48,892.88965,0,Mid
CUST00953,4/30/2022,Male,51,2058.5383,0,Top
CUST00954,8/22/2022,Male,44,1872.8694,0,High
CUST00955,12/3/2022,Female,67,725.9268,0,Mid
CUST00956,11/24/2022,Male,44,1009.6899,0,High
CUST00957,8/13/2022,Female,70,1011.41797,0,High
CUST00958,4/2/2024,Male,54,5553.405,0,Top
CUST00959,1/25/2023,Female,22,4621.694,0,Top
CUST00960,7/3/2022,Male,26,741.66,0,Mid
CUST00961,5/23/2022,Other,38,2753.2043,0,Top
CUST00962,7/16/2023,Other,59,3748.8806,0,Top
CUST00963,11/30/2022,Male,22,3252.7202,0,Top
CUST00964,11/29/2022,Female,46,3713.069,0,Top
CUST00965,8/25/2023,Male,47,2530.776,0,Top
CUST00966,10/22/2023,Male,61,3612.1772,0,Top
CUST00967,8/25/2023,Other,51,363.41714,0,Low
CUST00968,6/4/2023,Female,40,185.62804,0,Low
CUST00969,1/3/2023,Other,26,5672.1562,0,Top
CUST00970,5/3/2022,Male,67,157.65492,0,Low
CUST00971,9/2/2022,Other,53,1533.6378,0,High
CUST00972,3/6/2023,Female,58,892.3401,0,Mid
CUST00973,8/31/2023,Male,55,1485.039,0,High
CUST00974,10/20/2022,Male,29,4036.8198,0,Top
CUST00975,11/27/2022,Other,67,957.0319,0,Mid
CUST00976,9/24/2022,Female,26,942.36694,0,Mid
CUST00977,9/7/2022,Female,45,3535.4333,0,Top
CUST00978,8/2/2022,Female,50,2053.4495,0,Top
CUST00979,3/14/2024,Female,21,3010.7153,0,Top
CUST00980,5/9/2023,Female,25,2946.0063,0,Top
CUST00981,6/17/2022,Male,51,1619.6677,0,High
CUST00982,9/23/2022,Male,27,2852.4102,0,Top
CUST00983,7/16/2023,Female,37,3448.459,0,Top
CUST00984,11/4/2023,Female,28,2210.859,0,Top
CUST00985,6/28/2022,Male,28,1175.1443,0,High
CUST00986,12/22/2023,Male,38,4001.0469,0,Top
CUST00987,7/14/2022,Female,63,2346.8572,0,Top
CUST00988,4/8/2024,Female,32,897.1682,0,Mid
CUST00989,5/31/2022,Male,40,4005.7825,0,Top
CUST00990,4/28/2024,Other,51,4958.8613,0,Top
CUST00991,5/6/2022,Other,36,2321.631,0,Top
CUST00992,7/8/2023,Other,23,3527.239,0,Top
CUST00993,7/30/2023,Male,34,2232.903,0,Top
CUST00994,11/24/2023,Male,30,1488.5365,0,High
CUST00995,4/26/2024,Male,58,1928.385,0,High
CUST00996,8/8/2023,Other,53,1326.1053,0,High
CUST00997,4/21/2024,Female,35,2375.711,0,Top
CUST00998,5/6/2023,Male,26,4430.4414,0,Top
CUST00999,7/31/2023,Male,58,886.50366,0,Mid
CUST01000,12/22/2023,Male,37,1781.4846,0,High
CUST01001,3/27/2024,Other,57,1936.151,0,High
CUST01002,4/5/2024,Female,52,4326.233,0,Top
CUST01003,8/19/2023,Other,23,3498.0728,0,Top
CUST01004,11/18/2022,Other,50,5290.1694,0,Top
CUST01005,9/29/2022,Other,59,2677.6611,0,Top
CUST01006,6/15/2022,Male,28,1468.4468,0,High
CUST01007,9/23/2023,Other,55,2265.1978,0,Top
CUST01008,6/28/2022,Female,55,213.29716,0,Low
CUST01009,5/19/2022,Female,27,2808.74,0,Top
CUST01010,5/16/2022,Female,28,2343.966,0,Top
CUST01011,3/16/2024,Female,60,2838.394,0,Top
CUST01012,3/2/2023,Other,57,1004.3034,0,High
CUST01013,4/27/2023,Female,64,3901.4375,0,Top
CUST01014,7/22/2023,Female,56,3185.9773,0,Top
CUST01015,9/4/2022,Other,39,2410.2744,0,Top
CUST01016,8/7/2022,Other,54,5683.348,0,Top
CUST01017,9/21/2022,Male,20,4337.822,0,Top
CUST01018,5/11/2022,Other,70,2323.4968,0,Top
CUST01019,5/28/2023,Other,19,2966.2146,0,Top
CUST01020,1/18/2023,Male,23,2768.7202,0,Top
CUST01021,8/13/2023,Male,20,3405.3838,0,Top
CUST01022,11/20/2022,Other,59,3994.5947,0,Top
CUST01023,5/31/2023,Male,67,1674.2516,0,High
CUST01024,6/10/2023,Female,54,1874.8029,0,High
CUST01025,8/7/2022,Other,34,4447.494,0,Top
CUST01026,4/26/2024,Male,59,998.1731,0,Mid
CUST01027,5/14/2022,Male,31,3402.871,0,Top
CUST01028,8/7/2022,Male,67,3971.0464,0,Top
CUST01029,10/2/2023,Male,54,3255.7375,0,Top
CUST01030,5/18/2022,Other,44,199.24626,0,Low
CUST01031,5/29/2022,Male,57,2209.5464,0,Top
CUST01032,11/2/2022,Male,58,5420.1123,0,Top
CUST01033,8/11/2022,Male,19,2216.5188,0,Top
CUST01034,2/12/2023,Female,49,1217.6715,0,High
CUST01035,11/30/2023,Female,58,4046.784,0,Top
CUST01036,4/4/2023,Other,52,663.1823,0,Mid
CUST01037,12/14/2022,Other,36,1707.6343,0,High
CUST01038,1/28/2024,Female,59,5599.22,0,Top
CUST01039,9/27/2023,Female,37,4166.052,0,Top
CUST01040,3/22/2023,Male,48,4951.322,0,Top
CUST01041,10/28/2023,Male,33,633.64667,0,Mid
CUST01042,5/25/2023,Female,69,2928.352,0,Top
CUST01043,7/1/2023,Other,69,3729.214,0,Top
CUST01044,9/5/2023,Female,61,4016.6995,0,Top
CUST01045,10/19/2023,Other,43,1610.8832,0,High
CUST01046,8/12/2022,Female,37,1588.2924,0,High
CUST01047,12/12/2022,Male,47,4546.5864,0,Top
CUST01048,8/22/2022,Other,22,4525.885,0,Top
CUST01049,3/12/2024,Male,62,1587.8151,0,High
CUST01050,12/1/2022,Female,21,932.05786,0,Mid
CUST01051,12/7/2023,Other,28,876.20294,0,Mid
CUST01052,3/20/2023,Other,46,3535.7034,0,Top
CUST01053,12/28/2022,Other,44,2225.7969,0,Top
CUST01054,2/2/2024,Male,48,3822.5422,0,Top
CUST01055,1/9/2024,Female,47,4072.8184,0,Top
CUST01056,3/10/2024,Male,31,3980.2585,0,Top
CUST01057,5/29/2023,Other,39,3674.2742,0,Top
CUST01058,8/12/2022,Male,56,1183.6654,0,High
CUST01059,6/9/2023,Other,27,3342.7449,0,Top
CUST01060,11/3/2023,Male,38,2186.2144,0,Top
CUST01061,9/7/2022,Female,63,3200.5205,0,Top
CUST01062,12/1/2022,Male,38,3533.2524,0,Top
CUST01063,3/7/2023,Male,64,5911.719,0,Top
CUST01064,12/26/2022,Male,40,5018.235,0,Top
CUST01065,12/12/2023,Male,43,745.2355,0,Mid
CUST01066,8/2/2022,Female,26,5229.4033,0,Top
CUST01067,8/9/2023,Other,66,5419.453,0,Top
CUST01068,7/27/2022,Other,41,1544.9514,0,High
CUST01069,5/21/2023,Other,50,1368.0331,0,High
CUST01070,7/19/2022,Female,53,203.49358,0,Low
CUST01071,7/14/2022,Female,24,463.4181,0,Low
CUST01072,7/19/2022,Male,38,1244.1869,0,High
CUST01073,3/30/2024,Female,33,1370.1276,0,High
CUST01074,12/20/2022,Other,47,1177.011,0,High
CUST01075,3/11/2023,Female,25,497.08026,0,Low
CUST01076,4/6/2024,Other,35,3041.1934,0,Top
CUST01077,7/11/2022,Female,46,4600.513,0,Top
CUST01078,8/2/2023,Female,33,3258.725,0,Top
CUST01079,1/2/2024,Other,27,1162.0018,0,High
CUST01080,2/2/2024,Other,24,4512.19,0,Top
CUST01081,3/9/2023,Female,21,3397.6567,0,Top
CUST01082,6/24/2022,Female,36,1443.2251,0,High
CUST01083,11/14/2022,Male,42,1849.2162,0,High
CUST01084,8/8/2022,Other,57,4892.313,0,Top
CUST01085,5/18/2023,Male,44,4524.0645,0,Top
CUST01086,3/4/2024,Female,33,4665.687,0,Top
CUST01087,7/31/2022,Other,28,4035.8086,0,Top
CUST01088,7/14/2022,Female,70,738.0596,0,Mid
CUST01089,3/17/2024,Other,38,761.0747,0,Mid
CUST01090,3/21/2023,Female,54,618.67896,0,Mid
CUST01091,6/27/2023,Male,64,1180.415,0,High
CUST01092,5/7/2023,Male,38,3782.1196,0,Top
CUST01093,9/25/2023,Male,30,1810.0491,0,High
CUST01094,8/16/2022,Other,66,1234.4636,0,High
CUST01095,2/25/2024,Other,28,802.8713,0,Mid
CUST01096,1/25/2024,Other,49,4251.3193,0,Top
CUST01097,4/26/2023,Male,50,2556.285,0,Top
CUST01098,3/29/2023,Other,47,1056.2554,0,High
CUST01099,3/9/2024,Female,49,4877.6562,0,Top
CUST01100,12/22/2022,Other,37,3041.649,0,Top
CUST01101,10/16/2023,Male,49,1785.4952,0,High
CUST01102,12/29/2023,Male,19,3585.259,0,Top
CUST01103,1/16/2023,Female,23,3010.7717,0,Top
CUST01104,1/18/2023,Other,43,2309.696,0,Top
CUST01105,9/7/2023,Other,50,656.3365,0,Mid
CUST01106,8/30/2023,Female,47,217.16064,0,Low
CUST01107,4/12/2023,Female,33,3424.9873,0,Top
CUST01108,9/2/2023,Male,31,966.1268,0,Mid
CUST01109,6/30/2023,Other,55,1321.9694,0,High
CUST01110,12/17/2023,Female,40,2328.8604,0,Top
CUST01111,10/13/2022,Other,21,3665.5122,0,Top
CUST01112,12/3/2023,Female,21,5337.7603,0,Top
CUST01113,1/3/2024,Male,36,849.5888,0,Mid
CUST01114,6/6/2023,Female,49,461.1307,0,Low
CUST01115,10/17/2022,Female,56,1183.821,0,High
CUST01116,7/4/2023,Female,59,1090.5201,0,High
CUST01117,12/25/2022,Female,61,546.8824,0,Mid
CUST01118,5/26/2022,Female,48,608.7642,0,Mid
CUST01119,11/7/2022,Other,36,3993.5518,0,Top
CUST01120,4/25/2024,Male,52,1525.513,0,High
CUST01121,9/12/2023,Male,18,2868.7715,0,Top
CUST01122,9/24/2022,Female,24,4636.843,0,Top
CUST01123,2/19/2023,Female,45,401.51187,0,Low
CUST01124,10/18/2023,Other,26,2880.1282,0,Top
CUST01125,12/31/2023,Female,34,2019.6421,0,Top
CUST01126,9/3/2022,Female,64,4632.4517,0,Top
CUST01127,9/2/2022,Other,41,2470.0718,0,Top
CUST01128,11/29/2023,Female,66,672.0156,0,Mid
CUST01129,9/7/2022,Other,43,1232.4497,0,High
CUST01130,11/3/2022,Male,41,2089.3313,0,Top
CUST01131,7/7/2023,Female,20,2682.6465,0,Top
CUST01132,2/27/2023,Male,43,499.305,0,Low
CUST01133,3/7/2023,Female,21,2696.7644,0,Top
CUST01134,3/4/2024,Female,54,4862.863,0,Top
CUST01135,9/3/2023,Female,53,661.24115,0,Mid
CUST01136,6/19/2023,Male,30,1860.6796,0,High
CUST01137,5/28/2023,Female,41,462.7721,0,Low
CUST01138,4/24/2023,Other,53,1277.6561,0,High
CUST01139,10/27/2023,Male,36,986.7759,0,Mid
CUST01140,6/7/2023,Other,22,1419.4944,0,High
CUST01141,10/26/2023,Other,42,1240.4023,0,High
CUST01142,11/8/2023,Female,50,4917.1323,0,Top
CUST01143,6/10/2023,Female,46,4213.0146,0,Top
CUST01144,5/23/2023,Male,66,1631.548,0,High
CUST01145,7/24/2023,Male,53,4505.792,0,Top
CUST01146,6/13/2023,Other,35,776.52423,0,Mid
CUST01147,4/22/2023,Female,70,2224.151,0,Top
CUST01148,11/16/2022,Other,57,336.717,0,Low
CUST01149,3/20/2023,Female,61,2013.5201,0,Top
CUST01150,9/13/2022,Other,57,407.34906,0,Low
CUST01151,6/5/2023,Female,25,3682.4248,0,Top
CUST01152,2/6/2024,Male,26,669.104,0,Mid
CUST01153,9/21/2023,Male,24,1563.6826,0,High
CUST01154,9/26/2022,Female,43,1857.9268,0,High
CUST01155,11/13/2023,Other,41,862.5172,0,Mid
CUST01156,2/20/2024,Male,68,3844.3306,0,Top
CUST01157,9/18/2022,Female,39,331.773,0,Low
CUST01158,6/19/2023,Female,53,738.0017,0,Mid
CUST01159,7/6/2023,Other,41,5478.4326,0,Top
CUST01160,6/24/2023,Female,66,6084.2017,0,Top
CUST01161,1/7/2023,Male,27,1851.6456,0,High
CUST01162,12/12/2023,Male,30,4039.0952,0,Top
CUST01163,2/9/2023,Other,56,3214.3408,0,Top
CUST01164,2/7/2024,Other,50,5579.1855,0,Top
CUST01165,3/28/2024,Male,43,4042.5154,0,Top
CUST01166,12/8/2023,Other,50,5136.1455,0,Top
CUST01167,1/17/2023,Male,20,10.2208,0,Low
CUST01168,4/1/2024,Female,20,4236.286,0,Top
CUST01169,7/12/2022,Other,20,3816.3396,0,Top
CUST01170,10/7/2022,Male,26,2244.2817,0,Top
CUST01171,12/9/2022,Other,63,939.0492,0,Mid
CUST01172,7/20/2023,Female,39,4519.145,0,Top
CUST01173,7/19/2022,Male,69,3455.8796,0,Top
CUST01174,10/13/2022,Male,48,428.92578,0,Low
CUST01175,2/4/2023,Male,51,2436.2686,0,Top
CUST01176,5/22/2022,Female,47,1775.8623,0,High
CUST01177,1/5/2023,Male,27,636.38696,0,Mid
CUST01178,10/30/2022,Other,56,3159.426,0,Top
CUST01179,9/16/2022,Male,50,236.58554,0,Low
CUST01180,10/12/2023,Female,26,4511.218,0,Top
CUST01181,7/4/2023,Other,38,4699.3037,0,Top
CUST01182,5/6/2022,Female,57,674.5851,0,Mid
CUST01183,9/3/2023,Other,38,2232.782,0,Top
CUST01184,5/16/2022,Other,28,1523.7203,0,High
CUST01185,8/3/2023,Female,43,2971.059,0,Top
CUST01186,7/17/2022,Female,57,3641.0154,0,Top
CUST01187,8/18/2023,Female,65,464.3954,0,Low
CUST01188,1/30/2024,Female,37,941.12634,0,Mid
CUST01189,7/31/2022,Male,55,2233.887,0,Top
CUST01190,6/12/2022,Female,39,5417.746,0,Top
CUST01191,3/14/2024,Other,50,1427.8578,0,High
CUST01192,6/29/2023,Male,50,4287.2485,0,Top
CUST01193,2/27/2024,Female,52,3763.4856,0,Top
CUST01194,12/8/2023,Male,49,2307.975,0,Top
CUST01195,11/3/2022,Other,63,1393.1232,0,High
CUST01196,12/22/2023,Other,54,1937.824,0,High
CUST01197,3/13/2024,Other,37,2267.1125,0,Top
CUST01198,6/30/2022,Male,48,3250.2615,0,Top
CUST01199,11/17/2022,Male,70,2221.5425,0,Top
CUST01200,5/16/2023,Female,19,3243.4202,0,Top
CUST01201,8/20/2022,Female,41,96.84454,0,Low
CUST01202,11/8/2022,Female,39,4371.6846,0,Top
CUST01203,2/17/2023,Other,61,2523.753,0,Top
CUST01204,6/29/2022,Female,25,2911.815,0,Top
CUST01205,10/8/2023,Male,44,4232.0273,0,Top
CUST01206,7/13/2023,Female,55,3076.8706,0,Top
CUST01207,1/8/2023,Other,37,3147.6243,0,Top
CUST01208,9/3/2023,Female,68,3607.8464,0,Top
CUST01209,7/4/2023,Other,64,756.0905,0,Mid
CUST01210,9/23/2022,Other,62,2213.536,0,Top
CUST01211,1/16/2023,Other,58,1802.667,0,High
CUST01212,4/13/2023,Female,19,4685.214,0,Top
CUST01213,4/19/2024,Male,56,4941.8164,0,Top
CUST01214,2/7/2023,Female,48,2467.7297,0,Top
CUST01215,11/29/2023,Other,34,4845.209,0,Top
CUST01216,6/3/2022,Female,59,4606.352,0,Top
CUST01217,8/22/2022,Female,68,2517.2812,0,Top
CUST01218,4/20/2024,Female,67,4917.197,0,Top
CUST01219,10/13/2022,Other,55,4979.0947,0,Top
CUST01220,8/3/2023,Other,54,1173.7899,0,High
CUST01221,3/13/2023,Female,32,4074.1875,0,Top
CUST01222,9/7/2023,Female,64,4953.091,0,Top
CUST01223,9/19/2023,Female,21,5481.6343,0,Top
CUST01224,12/2/2022,Male,55,148.6937,0,Low
CUST01225,12/29/2023,Other,48,2561.0715,0,Top
CUST01226,5/21/2022,Male,28,4420.7363,0,Top
CUST01227,5/29/2023,Other,51,4117.7437,0,Top
CUST01228,4/14/2023,Female,58,834.61346,0,Mid
CUST01229,1/7/2023,Male,64,2981.1763,0,Top
CUST01230,3/26/2023,Female,57,1557.6392,0,High
CUST01231,4/15/2024,Male,67,2334.376,0,Top
CUST01232,7/7/2023,Female,42,2936.965,0,Top
CUST01233,3/31/2024,Other,27,3449.645,0,Top
CUST01234,6/22/2023,Female,70,428.37256,0,Low
CUST01235,10/24/2023,Other,61,1576.7556,0,High
CUST01236,5/9/2023,Female,33,1461.2449,0,High
CUST01237,6/22/2023,Female,20,68.22225,0,Low
CUST01238,12/24/2023,Other,54,3433.4226,0,Top
CUST01239,11/23/2022,Other,62,2665.824,0,Top
CUST01240,4/15/2024,Male,25,2327.569,0,Top
CUST01241,5/20/2022,Female,30,2982.7932,0,Top
CUST01242,4/1/2024,Male,19,1094.0333,0,High
CUST01243,8/17/2022,Male,46,728.2289,0,Mid
CUST01244,11/28/2022,Other,38,2855.0215,0,Top
CUST01245,7/4/2022,Other,44,1174.2722,0,High
CUST01246,8/25/2022,Female,27,269.97678,0,Low
CUST01247,11/6/2023,Male,44,364.05496,0,Low
CUST01248,8/1/2023,Female,62,1053.582,0,High
CUST01249,9/4/2022,Male,31,3930.676,0,Top
CUST01250,1/5/2023,Other,44,2856.5793,0,Top
CUST01251,7/6/2022,Female,50,1391.6307,0,High
CUST01252,9/5/2022,Male,67,2945.3735,0,Top
CUST01253,11/14/2023,Other,57,2717.2595,0,Top
CUST01254,3/26/2024,Male,48,166.38707,0,Low
CUST01255,11/23/2023,Female,65,412.45004,0,Low
CUST01256,1/6/2024,Other,64,5959.6265,0,Top
CUST01257,3/13/2024,Male,21,1055.4257,0,High
CUST01258,1/29/2024,Male,63,5238.342,0,Top
CUST01259,10/30/2023,Female,26,1216.2646,0,High
CUST01260,12/20/2022,Female,51,1690.62,0,High
CUST01261,11/11/2023,Female,31,3064.2065,0,Top
CUST01262,8/9/2023,Other,53,5016.881,0,Top
CUST01263,7/31/2022,Other,38,1965.5027,0,High
CUST01264,8/28/2023,Female,60,4957.824,0,Top
CUST01265,7/28/2022,Other,48,1491.4382,0,High
CUST01266,10/2/2022,Male,51,4669.6313,0,Top
CUST01267,1/5/2023,Female,42,5158.808,0,Top
CUST01268,8/14/2022,Other,38,2658.382,0,Top
CUST01269,7/16/2023,Other,29,1077.6244,0,High
CUST01270,1/7/2023,Female,47,2029.7208,0,Top
CUST01271,12/6/2022,Female,52,3933.082,0,Top
CUST01272,10/12/2022,Other,39,2645.6047,0,Top
CUST01273,6/17/2023,Other,52,1329.6981,0,High
CUST01274,10/19/2023,Female,40,2490.63,0,Top
CUST01275,3/29/2024,Other,61,3800.8184,0,Top
CUST01276,7/23/2022,Male,67,430.13766,0,Low
CUST01277,6/15/2022,Other,64,3166.2307,0,Top
CUST01278,7/22/2022,Male,61,5022.13,0,Top
CUST01279,7/17/2022,Male,59,4087.24,0,Top
CUST01280,9/12/2023,Other,69,1021.2593,0,High
CUST01281,2/5/2024,Other,62,34.893234,0,Low
CUST01282,12/25/2023,Female,34,5728.582,0,Top
CUST01283,4/17/2024,Male,57,2930.2942,0,Top
CUST01284,8/5/2023,Other,48,2037.1538,0,Top
CUST01285,1/17/2023,Male,30,3047.1748,0,Top
CUST01286,10/7/2022,Female,33,1309.0045,0,High
CUST01287,3/12/2024,Male,35,4224.031,0,Top
CUST01288,12/11/2022,Other,53,3315.836,0,Top
CUST01289,9/24/2023,Other,37,3030.3125,0,Top
CUST01290,10/11/2023,Male,32,1164.7032,0,High
CUST01291,12/27/2023,Female,37,3474.4575,0,Top
CUST01292,6/10/2023,Male,67,4541.549,0,Top
CUST01293,10/26/2023,Other,36,2151.0588,0,Top
CUST01294,2/20/2024,Female,63,5523.8716,0,Top
CUST01295,3/25/2023,Male,31,646.33923,0,Mid
CUST01296,11/8/2023,Male,62,497.05875,0,Low
CUST01297,7/5/2023,Female,63,1562.605,0,High
CUST01298,9/26/2022,Male,49,4718.2656,0,Top
CUST01299,4/5/2023,Female,38,2462.9497,0,Top
CUST01300,7/13/2023,Female,48,3056.8674,0,Top
CUST01301,4/11/2024,Female,40,6155.436,0,Top
CUST01302,4/16/2024,Female,53,2540.0667,0,Top
CUST01303,3/7/2024,Male,68,4623.5693,0,Top
CUST01304,1/15/2023,Male,64,3962.6665,0,Top
CUST01305,6/5/2022,Other,35,2454.3474,0,Top
CUST01306,8/27/2023,Female,36,2752.9026,0,Top
CUST01307,1/28/2023,Other,25,557.30316,0,Mid
CUST01308,1/20/2023,Other,54,3511.3484,0,Top
CUST01309,9/25/2022,Male,61,2936.747,0,Top
CUST01310,5/29/2022,Male,52,4284.249,0,Top
CUST01311,7/1/2023,Male,42,3558.4937,0,Top
CUST01312,7/29/2022,Male,43,168.7406,0,Low
CUST01313,11/22/2022,Other,70,5010.9844,0,Top
CUST01314,10/19/2022,Female,40,780.84204,0,Mid
CUST01315,8/9/2022,Other,67,4573.3257,0,Top
CUST01316,8/29/2022,Other,69,1738.7462,0,High
CUST01317,3/11/2024,Male,27,1079.974,0,High
CUST01318,7/13/2022,Female,36,2334.4587,0,Top
CUST01319,1/18/2023,Other,20,3913.4119,0,Top
CUST01320,6/17/2023,Male,36,3798.834,0,Top
CUST01321,11/11/2022,Male,63,4370.706,0,Top
CUST01322,1/30/2023,Female,23,3053.7788,0,Top
CUST01323,9/14/2022,Other,40,2360.9294,0,Top
CUST01324,1/20/2024,Female,46,1048.693,0,High
CUST01325,5/15/2022,Female,59,485.0905,0,Low
CUST01326,5/1/2023,Female,34,2986.9548,0,Top
CUST01327,4/27/2024,Other,65,1296.6119,0,High
CUST01328,4/15/2024,Male,48,3586.4353,0,Top
CUST01329,4/26/2024,Female,31,1505.8145,0,High
CUST01330,4/20/2023,Female,30,5759.3955,0,Top
CUST01331,10/21/2022,Other,70,5818.9453,0,Top
CUST01332,3/6/2023,Other,52,3833.404,0,Top
CUST01333,8/3/2022,Male,35,608.6619,0,Mid
CUST01334,7/23/2022,Male,53,349.67218,0,Low
CUST01335,4/19/2023,Female,62,5446.0996,0,Top
CUST01336,4/18/2023,Female,35,2318.2446,0,Top
CUST01337,12/28/2023,Other,26,5699.787,0,Top
CUST01338,9/3/2023,Female,24,4373.2627,0,Top
CUST01339,6/29/2022,Other,57,652.9885,0,Mid
CUST01340,5/3/2023,Female,65,3620.2253,0,Top
CUST01341,9/19/2022,Other,55,4934.059,0,Top
CUST01342,1/2/2023,Female,33,865.7022,0,Mid
CUST01343,9/1/2022,Female,33,841.4877,0,Mid
CUST01344,8/14/2022,Female,21,4484.366,0,Top
CUST01345,11/18/2022,Male,60,2122.3247,0,Top
CUST01346,11/23/2023,Female,51,4301.1997,0,Top
CUST01347,4/16/2023,Female,32,4766.7524,0,Top
CUST01348,5/14/2023,Male,58,4841.161,0,Top
CUST01349,7/3/2022,Male,32,1084.6271,0,High
CUST01350,9/16/2022,Female,21,4804.8784,0,Top
CUST01351,10/1/2023,Other,24,357.2547,0,Low
CUST01352,5/17/2022,Female,44,4975.5586,0,Top
CUST01353,8/9/2022,Other,39,2342.6873,0,Top
CUST01354,7/29/2023,Female,63,4625.4365,0,Top
CUST01355,4/7/2023,Other,48,1051.6345,0,High
CUST01356,3/3/2023,Female,24,1803.6655,0,High
CUST01357,3/3/2024,Male,61,3542.9563,0,Top
CUST01358,9/5/2022,Other,67,1311.8964,0,High
CUST01359,10/18/2023,Female,26,967.4619,0,Mid
CUST01360,5/23/2022,Female,18,1331.1475,0,High
CUST01361,1/14/2024,Male,53,346.71454,0,Low
CUST01362,10/24/2022,Other,28,598.7927,0,Mid
CUST01363,2/2/2023,Other,44,2244.9202,0,Top
CUST01364,10/28/2023,Other,59,332.0436,0,Low
CUST01365,9/5/2022,Male,48,5377.511,0,Top
CUST01366,8/31/2023,Other,48,1111.129,0,High
CUST01367,3/7/2023,Other,59,4306.2217,0,Top
CUST01368,2/21/2024,Female,30,4060.7266,0,Top
CUST01369,12/17/2022,Female,66,1052.8424,0,High
CUST01370,12/5/2023,Male,36,1774.9795,0,High
CUST01371,1/7/2023,Other,38,1064.8871,0,High
CUST01372,12/28/2022,Female,36,4828.498,0,Top
CUST01373,4/6/2023,Male,59,1733.754,0,High
CUST01374,9/14/2023,Other,21,3040.0222,0,Top
CUST01375,12/7/2022,Male,67,4513.7847,0,Top
CUST01376,6/9/2023,Other,23,3352.9817,0,Top
CUST01377,1/22/2024,Female,59,758.0945,0,Mid
CUST01378,1/24/2023,Other,54,1847.9049,0,High
CUST01379,9/5/2023,Other,32,5596.678,0,Top
CUST01380,1/31/2023,Other,52,1869.9763,0,High
CUST01381,7/28/2023,Other,65,1890.8635,0,High
CUST01382,7/15/2023,Male,64,434.23352,0,Low
CUST01383,9/3/2023,Other,20,3657.355,0,Top
CUST01384,12/4/2022,Male,29,4840.535,0,Top
CUST01385,1/19/2024,Other,44,354.23828,0,Low
CUST01386,12/25/2022,Other,29,3697.6362,0,Top
CUST01387,10/12/2022,Male,20,776.10864,0,Mid
CUST01388,11/30/2022,Female,43,3210.1711,0,Top
CUST01389,9/14/2022,Female,68,1279.7822,0,High
CUST01390,11/20/2022,Male,49,3708.6733,0,Top
CUST01391,4/15/2024,Other,29,5205.0493,0,Top
CUST01392,2/11/2023,Female,65,3701.2246,0,Top
CUST01393,10/22/2023,Other,36,2552.7378,0,Top
CUST01394,9/20/2022,Male,20,1445.6267,0,High
CUST01395,12/31/2023,Male,18,5017.3003,0,Top
CUST01396,4/11/2023,Female,37,2428.4324,0,Top
CUST01397,12/16/2023,Female,54,325.4363,0,Low
CUST01398,3/5/2023,Other,56,6616.7275,0,Top
CUST01399,4/7/2024,Female,24,2208.5254,0,Top
CUST01400,9/13/2022,Male,39,3337.0474,0,Top
CUST01401,7/19/2022,Male,36,2074.5776,0,Top
CUST01402,12/24/2022,Male,47,2148.6123,0,Top
CUST01403,11/25/2023,Other,59,2114.982,0,Top
CUST01404,9/18/2022,Female,52,4744.5127,0,Top
CUST01405,1/24/2023,Other,51,2302.842,0,Top
CUST01406,2/1/2023,Other,49,3391.8572,0,Top
CUST01407,3/9/2023,Female,26,5134.8945,0,Top
CUST01408,3/17/2024,Male,50,644.65967,0,Mid
CUST01409,8/3/2023,Female,47,482.4859,0,Low
CUST01410,3/10/2024,Female,35,4501.9805,0,Top
CUST01411,1/12/2023,Female,30,3307.5105,0,Top
CUST01412,11/3/2022,Other,69,271.50516,0,Low
CUST01413,6/22/2022,Female,25,195.63696,0,Low
CUST01414,6/3/2022,Male,39,2431.163,0,Top
CUST01415,1/10/2024,Female,28,2342.5337,0,Top
CUST01416,2/15/2023,Male,64,1389.5493,0,High
CUST01417,8/25/2023,Male,47,5526.715,0,Top
CUST01418,8/19/2023,Male,59,2214.8967,0,Top
CUST01419,9/23/2022,Other,34,3720.9426,0,Top
CUST01420,5/7/2023,Other,63,5118.047,0,Top
CUST01421,7/5/2022,Other,29,2258.1738,0,Top
CUST01422,12/27/2023,Female,18,3275.518,0,Top
CUST01423,11/26/2022,Other,65,4305.967,0,Top
CUST01424,5/22/2023,Female,39,497.617,0,Low
CUST01425,10/14/2022,Male,68,2053.911,0,Top
CUST01426,7/18/2023,Female,36,1677.6431,0,High
CUST01427,7/10/2022,Male,54,1164.2015,0,High
CUST01428,8/31/2023,Female,61,4494.9644,0,Top
CUST01429,8/22/2022,Other,66,5260.773,0,Top
CUST01430,12/14/2022,Male,30,3813.2327,0,Top
CUST01431,9/3/2023,Female,29,1553.2289,0,High
CUST01432,12/29/2023,Female,57,226.68787,0,Low
CUST01433,6/21/2023,Other,58,3035.2708,0,Top
CUST01434,1/12/2024,Other,43,2071.858,0,Top
CUST01435,1/1/2023,Other,70,5226.8643,0,Top
CUST01436,3/23/2023,Female,45,4284.994,0,Top
CUST01437,4/28/2023,Other,50,1048.492,0,High
CUST01438,12/3/2023,Female,38,4735.363,0,Top
CUST01439,5/13/2023,Other,23,5612.4287,0,Top
CUST01440,5/7/2023,Female,43,2979.6528,0,Top
CUST01441,8/20/2022,Male,60,2821.7012,0,Top
CUST01442,12/2/2022,Other,24,3629.6838,0,Top
CUST01443,1/8/2024,Male,29,3799.663,0,Top
CUST01444,12/10/2022,Female,26,4375.1284,0,Top
CUST01445,6/14/2022,Male,48,4981.9097,0,Top
CUST01446,11/24/2023,Other,38,2855.7903,0,Top
CUST01447,7/28/2023,Other,33,2023.8627,0,Top
CUST01448,3/18/2023,Female,18,617.2891,0,Mid
CUST01449,6/15/2023,Other,34,2103.1995,0,Top
CUST01450,6/15/2023,Male,42,4548.678,0,Top
CUST01451,4/28/2023,Other,33,5633.4336,0,Top
CUST01452,2/20/2024,Male,46,4549.472,0,Top
CUST01453,5/6/2023,Other,66,4027.1162,0,Top
CUST01454,10/18/2022,Female,35,1734.1411,0,High
CUST01455,3/7/2023,Other,39,3464.4885,0,Top
CUST01456,12/13/2023,Female,37,6129.36,0,Top
CUST01457,3/7/2024,Other,55,3397.066,0,Top
CUST01458,7/6/2023,Female,64,487.91556,0,Low
CUST01459,9/23/2022,Male,54,1673.9636,0,High
CUST01460,7/6/2022,Male,18,4920.46,0,Top
CUST01461,10/18/2022,Male,34,3393.7495,0,Top
CUST01462,7/17/2023,Male,59,1045.9856,0,High
CUST01463,6/21/2023,Female,41,3919.2483,0,Top
CUST01464,12/30/2023,Female,62,3993.4373,0,Top
CUST01465,4/3/2024,Male,33,1235.3274,0,High
CUST01466,7/8/2023,Male,21,5036.3604,0,Top
CUST01467,9/13/2022,Male,60,4226.2812,0,Top
CUST01468,10/22/2022,Other,25,1366.0712,0,High
CUST01469,11/1/2022,Male,47,149.9295,0,Low
CUST01470,12/19/2023,Female,37,3462.9502,0,Top
CUST01471,8/28/2023,Female,28,325.60336,0,Low
CUST01472,10/21/2022,Female,43,4295.697,0,Top
CUST01473,7/16/2022,Other,61,3712.4026,0,Top
CUST01474,3/24/2023,Other,50,2255.4404,0,Top
CUST01475,11/12/2022,Other,63,334.71164,0,Low
CUST01476,6/3/2022,Other,67,1961.8833,0,High
CUST01477,11/30/2022,Female,37,1300.5043,0,High
CUST01478,1/20/2024,Other,62,3467.9148,0,Top
CUST01479,10/29/2022,Other,25,3384.2937,0,Top
CUST01480,12/15/2023,Other,58,1989.2145,0,High
CUST01481,10/14/2022,Male,36,1005.0027,0,High
CUST01482,9/27/2023,Female,41,1369.0973,0,High
CUST01483,8/28/2023,Other,57,2042.245,0,Top
CUST01484,11/13/2023,Male,32,1300.6482,0,High
CUST01485,3/22/2023,Female,32,4309.9863,0,Top
CUST01486,4/28/2023,Other,26,185.82797,0,Low
CUST01487,6/27/2022,Female,48,509.32803,0,Mid
CUST01488,12/13/2022,Female,27,2095.2188,0,Top
CUST01489,1/26/2024,Male,47,2443.7593,0,Top
CUST01490,3/12/2023,Other,65,1134.7437,0,High
CUST01491,7/6/2023,Female,56,821.3925,0,Mid
CUST01492,8/28/2022,Male,41,4217.05,0,Top
CUST01493,1/15/2023,Female,44,2085.8462,0,Top
CUST01494,3/22/2023,Female,62,786.0653,0,Mid
CUST01495,3/19/2023,Male,53,2949.5842,0,Top
CUST01496,12/16/2022,Female,48,3694.565,0,Top
CUST01497,5/5/2023,Male,66,5034.6543,0,Top
CUST01498,3/31/2024,Other,52,5998.18,0,Top
CUST01499,4/30/2023,Female,69,844.2179,0,Mid
CUST01500,3/29/2024,Other,60,5463.886,0,Top
